	segment_id	sig_max	major_cn	minor_cn	N1	N2
0	chr10:1-5507217	SBS1	2	1	3	1
1	chr10:1-5507217	SBS18	2	1	1	0
2	chr10:1-5507217	SBS3	2	1	18	4
3	chr10:1-5507217	SBS5	2	1	8	1
4	chr10:106071390-110817000	SBS1	1	1	3	0
5	chr10:106071390-110817000	SBS18	1	1	4	0
6	chr10:106071390-110817000	SBS3	1	1	19	0
7	chr10:106071390-110817000	SBS5	1	1	12	0
8	chr10:110875001-113602748	SBS1	1	1	2	0
9	chr10:110875001-113602748	SBS3	1	1	7	0
10	chr10:110875001-113602748	SBS5	1	1	4	0
11	chr10:113602956-119321900	SBS1	1	1	1	0
12	chr10:113602956-119321900	SBS18	1	1	2	0
13	chr10:113602956-119321900	SBS3	1	1	16	0
14	chr10:113602956-119321900	SBS5	1	1	3	0
15	chr10:11624773-16567607	SBS1	2	1	4	2
16	chr10:11624773-16567607	SBS18	2	1	1	2
17	chr10:11624773-16567607	SBS3	2	1	10	4
18	chr10:11624773-16567607	SBS5	2	1	8	2
19	chr10:119324503-124684006	SBS1	1	1	2	0
20	chr10:119324503-124684006	SBS18	1	1	1	0
21	chr10:119324503-124684006	SBS3	1	1	18	0
22	chr10:119324503-124684006	SBS5	1	1	8	0
23	chr10:124684056-130874028	SBS1	1	1	3	0
24	chr10:124684056-130874028	SBS18	1	1	3	0
25	chr10:124684056-130874028	SBS3	1	1	19	0
26	chr10:124684056-130874028	SBS5	1	1	12	0
27	chr10:130874085-133797422	SBS1	1	1	3	0
28	chr10:130874085-133797422	SBS18	1	1	4	0
29	chr10:130874085-133797422	SBS3	1	1	7	0
30	chr10:130874085-133797422	SBS5	1	1	4	0
31	chr10:16567608-21070974	SBS3	2	1	13	2
32	chr10:16567608-21070974	SBS5	2	1	5	2
33	chr10:21071027-22367280	SBS18	2	1	1	0
34	chr10:21071027-22367280	SBS3	2	1	1	0
35	chr10:22367281-36302086	SBS1	1	1	3	0
36	chr10:22367281-36302086	SBS18	1	1	7	0
37	chr10:22367281-36302086	SBS3	1	1	44	0
38	chr10:22367281-36302086	SBS5	1	1	32	0
39	chr10:36303385-38579505	SBS3	1	1	8	0
40	chr10:36303385-38579505	SBS5	1	1	4	0
41	chr10:38579506-40640101	SBS1	1	1	4	0
42	chr10:38579506-40640101	SBS18	1	1	2	0
43	chr10:38579506-40640101	SBS3	1	1	29	0
44	chr10:38579506-40640101	SBS5	1	1	17	0
45	chr10:40640102-47820000	SBS1	1	1	10	0
46	chr10:40640102-47820000	SBS18	1	1	2	0
47	chr10:40640102-47820000	SBS3	1	1	31	0
48	chr10:40640102-47820000	SBS5	1	1	18	0
49	chr10:47820001-48648310	SBS3	1	0	5	0
50	chr10:47820001-48648310	SBS5	1	0	1	0
51	chr10:48648311-50305000	SBS1	1	1	1	0
52	chr10:48648311-50305000	SBS18	1	1	2	0
53	chr10:48648311-50305000	SBS3	1	1	2	0
54	chr10:48648311-50305000	SBS5	1	1	2	0
55	chr10:50305001-50790000	SBS3	1	1	3	0
56	chr10:50305001-50790000	SBS5	1	1	1	0
57	chr10:50790001-57303330	SBS1	1	1	1	0
58	chr10:50790001-57303330	SBS18	1	1	2	0
59	chr10:50790001-57303330	SBS3	1	1	17	0
60	chr10:50790001-57303330	SBS5	1	1	9	0
61	chr10:5507500-11595960	SBS1	2	1	0	1
62	chr10:5507500-11595960	SBS18	2	1	1	0
63	chr10:5507500-11595960	SBS3	2	1	15	5
64	chr10:5507500-11595960	SBS5	2	1	6	2
65	chr10:57303370-62982414	SBS1	1	1	1	0
66	chr10:57303370-62982414	SBS3	1	1	12	0
67	chr10:57303370-62982414	SBS5	1	1	3	0
68	chr10:63302814-68876154	SBS1	1	0	2	0
69	chr10:63302814-68876154	SBS3	1	0	9	0
70	chr10:63302814-68876154	SBS5	1	0	5	0
71	chr10:69296475-72052646	SBS3	1	1	6	0
72	chr10:69296475-72052646	SBS5	1	1	4	0
73	chr10:72052647-87932334	SBS1	1	0	4	0
74	chr10:72052647-87932334	SBS18	1	0	1	0
75	chr10:72052647-87932334	SBS3	1	0	23	0
76	chr10:72052647-87932334	SBS5	1	0	13	0
77	chr10:87932576-94522161	SBS1	1	0	5	0
78	chr10:87932576-94522161	SBS18	1	0	1	0
79	chr10:87932576-94522161	SBS3	1	0	12	0
80	chr10:87932576-94522161	SBS5	1	0	9	0
81	chr10:94522162-106065871	SBS1	1	1	2	0
82	chr10:94522162-106065871	SBS18	1	1	4	0
83	chr10:94522162-106065871	SBS3	1	1	30	0
84	chr10:94522162-106065871	SBS5	1	1	11	0
85	chr11:1-3672066	SBS1	1	0	2	0
86	chr11:1-3672066	SBS18	1	0	1	0
87	chr11:1-3672066	SBS3	1	0	14	0
88	chr11:1-3672066	SBS5	1	0	9	0
89	chr11:108584109-135086622	SBS1	1	0	8	0
90	chr11:108584109-135086622	SBS18	1	0	4	0
91	chr11:108584109-135086622	SBS3	1	0	53	0
92	chr11:108584109-135086622	SBS5	1	0	17	0
93	chr11:11766763-12783754	SBS3	1	1	2	0
94	chr11:12791836-13469000	SBS3	1	1	4	0
95	chr11:13642001-14091616	SBS3	1	1	2	0
96	chr11:14115611-15423233	SBS18	1	1	1	0
97	chr11:14115611-15423233	SBS3	1	1	4	0
98	chr11:14115611-15423233	SBS5	1	1	3	0
99	chr11:15423273-18760076	SBS3	1	1	5	0
100	chr11:15423273-18760076	SBS5	1	1	2	0
101	chr11:18760114-19545000	SBS3	1	1	2	0
102	chr11:18760114-19545000	SBS5	1	1	1	0
103	chr11:19545001-20139000	SBS18	1	1	1	0
104	chr11:20139001-20789976	SBS18	1	1	1	0
105	chr11:20139001-20789976	SBS5	1	1	1	0
106	chr11:21480490-22351000	SBS3	1	0	1	0
107	chr11:22390244-23881032	SBS3	1	0	1	0
108	chr11:22390244-23881032	SBS5	1	0	1	0
109	chr11:23992890-29310919	SBS3	1	0	7	0
110	chr11:23992890-29310919	SBS5	1	0	1	0
111	chr11:29310920-33687000	SBS1	1	1	3	0
112	chr11:29310920-33687000	SBS18	1	1	1	0
113	chr11:29310920-33687000	SBS3	1	1	16	0
114	chr11:29310920-33687000	SBS5	1	1	7	0
115	chr11:33739001-41473488	SBS1	1	1	2	0
116	chr11:33739001-41473488	SBS18	1	1	2	0
117	chr11:33739001-41473488	SBS3	1	1	13	0
118	chr11:33739001-41473488	SBS5	1	1	6	0
119	chr11:3675132-4853168	SBS18	1	0	2	0
120	chr11:3675132-4853168	SBS3	1	0	4	0
121	chr11:3675132-4853168	SBS5	1	0	1	0
122	chr11:41479028-42465710	SBS18	1	1	1	0
123	chr11:41479028-42465710	SBS3	1	1	4	0
124	chr11:41479028-42465710	SBS5	1	1	1	0
125	chr11:42466007-45180181	SBS18	1	1	1	0
126	chr11:42466007-45180181	SBS3	1	1	8	0
127	chr11:42466007-45180181	SBS5	1	1	1	0
128	chr11:45180340-48207062	SBS3	1	1	13	0
129	chr11:45180340-48207062	SBS5	1	1	1	0
130	chr11:48207063-49327863	SBS18	1	0	1	0
131	chr11:48207063-49327863	SBS3	1	0	11	0
132	chr11:48207063-49327863	SBS5	1	0	1	0
133	chr11:4853338-8460668	SBS1	1	0	2	0
134	chr11:4853338-8460668	SBS3	1	0	6	0
135	chr11:4853338-8460668	SBS5	1	0	3	0
136	chr11:49336667-49862396	SBS1	1	0	1	0
137	chr11:49336667-49862396	SBS3	1	0	2	0
138	chr11:49862397-50036527	SBS1	1	1	1	0
139	chr11:49862397-50036527	SBS3	1	1	1	0
140	chr11:49862397-50036527	SBS5	1	1	2	0
141	chr11:50036528-52751710	SBS3	1	0	9	0
142	chr11:50036528-52751710	SBS5	1	0	6	0
143	chr11:52751711-54645983	SBS3	1	0	3	0
144	chr11:54694754-54977922	SBS3	1	0	1	0
145	chr11:54977923-60524292	SBS1	1	1	2	0
146	chr11:54977923-60524292	SBS18	1	1	2	0
147	chr11:54977923-60524292	SBS3	1	1	19	0
148	chr11:54977923-60524292	SBS5	1	1	4	0
149	chr11:60524331-71060769	SBS1	1	1	5	0
150	chr11:60524331-71060769	SBS18	1	1	5	0
151	chr11:60524331-71060769	SBS3	1	1	43	0
152	chr11:60524331-71060769	SBS5	1	1	18	0
153	chr11:71060770-82857648	SBS1	1	1	4	0
154	chr11:71060770-82857648	SBS18	1	1	6	0
155	chr11:71060770-82857648	SBS3	1	1	30	0
156	chr11:71060770-82857648	SBS5	1	1	24	0
157	chr11:82857649-108584054	SBS1	1	0	4	0
158	chr11:82857649-108584054	SBS18	1	0	4	0
159	chr11:82857649-108584054	SBS3	1	0	44	0
160	chr11:82857649-108584054	SBS5	1	0	28	0
161	chr11:8460669-11766719	SBS1	1	1	2	0
162	chr11:8460669-11766719	SBS18	1	1	2	0
163	chr11:8460669-11766719	SBS3	1	1	8	0
164	chr11:8460669-11766719	SBS5	1	1	7	0
165	chr12:1-4417890	SBS1	2	0	0	1
166	chr12:1-4417890	SBS18	2	0	0	1
167	chr12:1-4417890	SBS3	2	0	12	4
168	chr12:1-4417890	SBS5	2	0	2	1
169	chr12:117126837-119798297	SBS1	1	0	2	0
170	chr12:117126837-119798297	SBS18	1	0	2	0
171	chr12:117126837-119798297	SBS3	1	0	5	0
172	chr12:117126837-119798297	SBS5	1	0	5	0
173	chr12:119798298-120526627	SBS3	2	0	1	0
174	chr12:120526628-133275309	SBS1	1	0	7	0
175	chr12:120526628-133275309	SBS18	1	0	3	0
176	chr12:120526628-133275309	SBS3	1	0	39	0
177	chr12:120526628-133275309	SBS5	1	0	21	0
178	chr12:27872538-31119484	SBS3	1	0	7	0
179	chr12:27872538-31119484	SBS5	1	0	3	0
180	chr12:31119515-33531130	SBS1	1	0	1	0
181	chr12:31119515-33531130	SBS18	1	0	1	0
182	chr12:31119515-33531130	SBS3	1	0	4	0
183	chr12:31119515-33531130	SBS5	1	0	4	0
184	chr12:33540629-35977329	SBS3	1	0	5	0
185	chr12:33540629-35977329	SBS5	1	0	1	0
186	chr12:35977330-44542370	SBS1	1	0	2	0
187	chr12:35977330-44542370	SBS18	1	0	1	0
188	chr12:35977330-44542370	SBS3	1	0	18	0
189	chr12:35977330-44542370	SBS5	1	0	3	0
190	chr12:4417891-27857996	SBS1	1	0	13	0
191	chr12:4417891-27857996	SBS18	1	0	3	0
192	chr12:4417891-27857996	SBS3	1	0	46	0
193	chr12:4417891-27857996	SBS5	1	0	29	0
194	chr12:44542371-68609435	SBS1	1	0	8	0
195	chr12:44542371-68609435	SBS18	1	0	6	0
196	chr12:44542371-68609435	SBS3	1	0	40	0
197	chr12:44542371-68609435	SBS5	1	0	21	0
198	chr12:68609483-71963000	SBS1	1	0	1	0
199	chr12:68609483-71963000	SBS18	1	0	1	0
200	chr12:68609483-71963000	SBS3	1	0	9	0
201	chr12:68609483-71963000	SBS5	1	0	2	0
202	chr12:71963001-117126770	SBS1	1	0	7	0
203	chr12:71963001-117126770	SBS18	1	0	10	0
204	chr12:71963001-117126770	SBS3	1	0	76	0
205	chr12:71963001-117126770	SBS5	1	0	29	0
206	chr13:110350050-114364328	SBS1	1	1	2	0
207	chr13:110350050-114364328	SBS18	1	1	4	0
208	chr13:110350050-114364328	SBS3	1	1	10	0
209	chr13:110350050-114364328	SBS5	1	1	6	0
210	chr13:17025624-30482808	SBS1	1	0	6	0
211	chr13:17025624-30482808	SBS18	1	0	7	0
212	chr13:17025624-30482808	SBS3	1	0	45	0
213	chr13:17025624-30482808	SBS5	1	0	29	0
214	chr13:30483672-39350716	SBS1	1	0	3	0
215	chr13:30483672-39350716	SBS3	1	0	18	0
216	chr13:30483672-39350716	SBS5	1	0	8	0
217	chr13:39351024-43156262	SBS1	1	0	4	0
218	chr13:39351024-43156262	SBS18	1	0	1	0
219	chr13:39351024-43156262	SBS3	1	0	15	0
220	chr13:39351024-43156262	SBS5	1	0	2	0
221	chr13:43156300-52078590	SBS1	1	0	5	0
222	chr13:43156300-52078590	SBS18	1	0	4	0
223	chr13:43156300-52078590	SBS3	1	0	26	0
224	chr13:43156300-52078590	SBS5	1	0	12	0
225	chr13:52078630-63741799	SBS1	1	0	1	0
226	chr13:52078630-63741799	SBS18	1	0	1	0
227	chr13:52078630-63741799	SBS3	1	0	14	0
228	chr13:52078630-63741799	SBS5	1	0	4	0
229	chr13:63741800-75825676	SBS1	1	0	6	0
230	chr13:63741800-75825676	SBS18	1	0	1	0
231	chr13:63741800-75825676	SBS3	1	0	29	0
232	chr13:63741800-75825676	SBS5	1	0	15	0
233	chr13:75947620-77649751	SBS3	1	0	1	0
234	chr13:75947620-77649751	SBS5	1	0	2	0
235	chr13:77649752-80760998	SBS1	1	1	1	0
236	chr13:77649752-80760998	SBS18	1	1	1	0
237	chr13:77649752-80760998	SBS3	1	1	5	0
238	chr13:77649752-80760998	SBS5	1	1	4	0
239	chr13:80761454-83055665	SBS3	1	1	7	0
240	chr13:80761454-83055665	SBS5	1	1	5	0
241	chr13:83055759-85760900	SBS1	1	1	1	0
242	chr13:83055759-85760900	SBS18	1	1	1	0
243	chr13:83055759-85760900	SBS3	1	1	5	0
244	chr13:83055759-85760900	SBS5	1	1	3	0
245	chr13:85763440-110349998	SBS1	1	1	12	0
246	chr13:85763440-110349998	SBS18	1	1	15	0
247	chr13:85763440-110349998	SBS3	1	1	70	0
248	chr13:85763440-110349998	SBS5	1	1	25	0
249	chr14:1-17086761	SBS3	1	0	2	0
250	chr14:17086762-28825327	SBS1	1	0	1	0
251	chr14:17086762-28825327	SBS18	1	0	4	0
252	chr14:17086762-28825327	SBS3	1	0	9	0
253	chr14:17086762-28825327	SBS5	1	0	5	0
254	chr14:28825368-33420595	SBS3	1	0	6	0
255	chr14:33421144-40089027	SBS1	1	0	1	0
256	chr14:33421144-40089027	SBS18	1	0	1	0
257	chr14:33421144-40089027	SBS3	1	0	4	0
258	chr14:33421144-40089027	SBS5	1	0	5	0
259	chr14:40089077-51118444	SBS1	1	0	1	0
260	chr14:40089077-51118444	SBS18	1	0	2	0
261	chr14:40089077-51118444	SBS3	1	0	20	0
262	chr14:40089077-51118444	SBS5	1	0	5	0
263	chr14:51138820-63285650	SBS1	1	0	1	0
264	chr14:51138820-63285650	SBS18	1	0	2	0
265	chr14:51138820-63285650	SBS3	1	0	18	0
266	chr14:51138820-63285650	SBS5	1	0	6	0
267	chr14:63292816-107043718	SBS1	1	0	12	0
268	chr14:63292816-107043718	SBS18	1	0	7	0
269	chr14:63292816-107043718	SBS3	1	0	72	0
270	chr14:63292816-107043718	SBS5	1	0	47	0
271	chr15:1-18362626	SBS18	1	1	1	0
272	chr15:1-18362626	SBS3	1	1	7	0
273	chr15:1-18362626	SBS5	1	1	2	0
274	chr15:18362627-30831539	SBS1	1	1	11	0
275	chr15:18362627-30831539	SBS18	1	1	6	0
276	chr15:18362627-30831539	SBS3	1	1	52	0
277	chr15:18362627-30831539	SBS5	1	1	22	0
278	chr15:30896470-33351269	SBS3	1	1	2	0
279	chr15:30896470-33351269	SBS5	1	1	3	0
280	chr15:33355113-38834925	SBS1	1	1	3	0
281	chr15:33355113-38834925	SBS18	1	1	2	0
282	chr15:33355113-38834925	SBS3	1	1	9	0
283	chr15:33355113-38834925	SBS5	1	1	3	0
284	chr15:38834926-61968394	SBS1	1	0	8	0
285	chr15:38834926-61968394	SBS18	1	0	1	0
286	chr15:38834926-61968394	SBS3	1	0	39	0
287	chr15:38834926-61968394	SBS5	1	0	23	0
288	chr15:61973350-101991189	SBS1	1	0	8	0
289	chr15:61973350-101991189	SBS18	1	0	5	0
290	chr15:61973350-101991189	SBS3	1	0	69	0
291	chr15:61973350-101991189	SBS5	1	0	21	0
292	chr16:1-3810951	SBS1	2	0	2	0
293	chr16:1-3810951	SBS3	2	0	8	1
294	chr16:1-3810951	SBS5	2	0	6	0
295	chr16:23701001-28821934	SBS3	2	0	12	1
296	chr16:23701001-28821934	SBS5	2	0	2	1
297	chr16:28822829-35016000	SBS1	2	0	9	1
298	chr16:28822829-35016000	SBS18	2	0	2	0
299	chr16:28822829-35016000	SBS3	2	0	49	3
300	chr16:28822829-35016000	SBS5	2	0	42	0
301	chr16:35016001-37295919	SBS1	1	0	1	0
302	chr16:35016001-37295919	SBS18	1	0	1	0
303	chr16:35016001-37295919	SBS3	1	0	11	0
304	chr16:35016001-37295919	SBS5	1	0	9	0
305	chr16:3814333-6068368	SBS1	2	0	1	0
306	chr16:3814333-6068368	SBS18	2	0	3	0
307	chr16:3814333-6068368	SBS3	2	0	1	3
308	chr16:3814333-6068368	SBS5	2	0	7	0
309	chr16:6082097-23701000	SBS1	2	0	5	1
310	chr16:6082097-23701000	SBS18	2	0	2	2
311	chr16:6082097-23701000	SBS3	2	0	37	9
312	chr16:6082097-23701000	SBS5	2	0	23	5
313	chr17:1-1510425	SBS18	2	0	1	0
314	chr17:1-1510425	SBS3	2	0	2	0
315	chr17:1-1510425	SBS5	2	0	1	0
316	chr17:10920915-24849829	SBS1	1	1	8	0
317	chr17:10920915-24849829	SBS18	1	1	4	0
318	chr17:10920915-24849829	SBS3	1	1	47	0
319	chr17:10920915-24849829	SBS5	1	1	35	0
320	chr17:1528109-3645847	SBS1	1	0	2	0
321	chr17:1528109-3645847	SBS3	1	0	4	0
322	chr17:1528109-3645847	SBS5	1	0	6	0
323	chr17:24849830-33267409	SBS1	1	1	5	0
324	chr17:24849830-33267409	SBS18	1	1	3	0
325	chr17:24849830-33267409	SBS3	1	1	38	0
326	chr17:24849830-33267409	SBS5	1	1	17	0
327	chr17:33267410-46764786	SBS1	1	0	5	0
328	chr17:33267410-46764786	SBS18	1	0	2	0
329	chr17:33267410-46764786	SBS3	1	0	29	0
330	chr17:33267410-46764786	SBS5	1	0	11	0
331	chr17:3645891-10920914	SBS1	1	0	2	0
332	chr17:3645891-10920914	SBS18	1	0	1	0
333	chr17:3645891-10920914	SBS3	1	0	8	0
334	chr17:3645891-10920914	SBS5	1	0	5	0
335	chr17:47399805-57849000	SBS1	2	0	3	0
336	chr17:47399805-57849000	SBS18	2	0	3	0
337	chr17:47399805-57849000	SBS3	2	0	19	5
338	chr17:47399805-57849000	SBS5	2	0	15	4
339	chr17:58900706-59689405	SBS3	2	0	1	0
340	chr17:58900706-59689405	SBS5	2	0	1	0
341	chr17:59772999-64732018	SBS1	2	0	2	0
342	chr17:59772999-64732018	SBS18	2	0	1	0
343	chr17:59772999-64732018	SBS3	2	0	21	1
344	chr17:59772999-64732018	SBS5	2	0	7	0
345	chr17:64732019-65158000	SBS3	2	0	2	0
346	chr17:64732019-65158000	SBS5	2	0	2	0
347	chr17:65158001-66079302	SBS3	2	0	2	0
348	chr17:66079372-71824789	SBS1	2	0	2	0
349	chr17:66079372-71824789	SBS18	2	0	3	0
350	chr17:66079372-71824789	SBS3	2	0	4	2
351	chr17:66079372-71824789	SBS5	2	0	5	0
352	chr17:71825628-73757404	SBS3	2	0	3	1
353	chr17:71825628-73757404	SBS5	2	0	3	1
354	chr17:73762737-75019901	SBS1	2	0	1	0
355	chr17:73762737-75019901	SBS18	2	0	1	0
356	chr17:73762737-75019901	SBS3	2	0	2	0
357	chr17:75019974-75183505	SBS3	2	0	3	0
358	chr17:75019974-75183505	SBS5	2	0	1	0
359	chr17:75193131-83257441	SBS1	2	0	3	0
360	chr17:75193131-83257441	SBS18	2	0	2	1
361	chr17:75193131-83257441	SBS3	2	0	17	2
362	chr17:75193131-83257441	SBS5	2	0	6	1
363	chr18:1-18161052	SBS1	1	1	12	0
364	chr18:1-18161052	SBS18	1	1	8	0
365	chr18:1-18161052	SBS3	1	1	86	0
366	chr18:1-18161052	SBS5	1	1	39	0
367	chr18:18161053-26531452	SBS1	1	1	2	0
368	chr18:18161053-26531452	SBS18	1	1	1	0
369	chr18:18161053-26531452	SBS3	1	1	13	0
370	chr18:18161053-26531452	SBS5	1	1	6	0
371	chr18:26540684-26698921	SBS3	1	1	1	0
372	chr18:26699051-33650926	SBS1	1	1	3	0
373	chr18:26699051-33650926	SBS18	1	1	1	0
374	chr18:26699051-33650926	SBS3	1	1	14	0
375	chr18:26699051-33650926	SBS5	1	1	3	0
376	chr18:33651826-46480390	SBS1	1	1	1	0
377	chr18:33651826-46480390	SBS18	1	1	3	0
378	chr18:33651826-46480390	SBS3	1	1	31	0
379	chr18:33651826-46480390	SBS5	1	1	21	0
380	chr18:46480480-47538069	SBS3	1	1	1	0
381	chr18:46480480-47538069	SBS5	1	1	4	0
382	chr18:47538309-67313911	SBS1	1	1	5	0
383	chr18:47538309-67313911	SBS18	1	1	4	0
384	chr18:47538309-67313911	SBS3	1	1	59	0
385	chr18:47538309-67313911	SBS5	1	1	19	0
386	chr18:67315658-78934286	SBS1	1	1	5	0
387	chr18:67315658-78934286	SBS18	1	1	5	0
388	chr18:67315658-78934286	SBS3	1	1	39	0
389	chr18:67315658-78934286	SBS5	1	1	10	0
390	chr18:78934333-80373285	SBS1	1	1	2	0
391	chr18:78934333-80373285	SBS3	1	1	7	0
392	chr18:78934333-80373285	SBS5	1	1	3	0
393	chr19:1-712232	SBS3	1	1	1	0
394	chr19:1-712232	SBS5	1	1	1	0
395	chr19:11495149-16792932	SBS1	1	1	2	0
396	chr19:11495149-16792932	SBS3	1	1	16	0
397	chr19:11495149-16792932	SBS5	1	1	10	0
398	chr19:16792933-17954691	SBS1	1	1	1	0
399	chr19:16792933-17954691	SBS3	1	1	4	0
400	chr19:16792933-17954691	SBS5	1	1	1	0
401	chr19:17954728-25844926	SBS1	1	1	3	0
402	chr19:17954728-25844926	SBS18	1	1	2	0
403	chr19:17954728-25844926	SBS3	1	1	28	0
404	chr19:17954728-25844926	SBS5	1	1	13	0
405	chr19:1829464-2002196	SBS5	1	1	1	0
406	chr19:2009899-2737253	SBS1	1	1	1	0
407	chr19:2009899-2737253	SBS5	1	1	2	0
408	chr19:25844927-40788143	SBS1	1	1	9	0
409	chr19:25844927-40788143	SBS18	1	1	3	0
410	chr19:25844927-40788143	SBS3	1	1	54	0
411	chr19:25844927-40788143	SBS5	1	1	21	0
412	chr19:2739074-3481022	SBS3	1	1	2	0
413	chr19:2739074-3481022	SBS5	1	1	1	0
414	chr19:3481072-3885685	SBS1	1	1	1	0
415	chr19:3890113-4007928	SBS3	1	1	2	0
416	chr19:4007929-11495092	SBS1	1	1	5	0
417	chr19:4007929-11495092	SBS3	1	1	33	0
418	chr19:4007929-11495092	SBS5	1	1	8	0
419	chr19:40788144-40788961	SBS3	1	0	1	0
420	chr19:40788962-41824659	SBS1	1	1	1	0
421	chr19:40788962-41824659	SBS3	1	1	3	0
422	chr19:40788962-41824659	SBS5	1	1	3	0
423	chr19:41835460-49474149	SBS1	1	1	5	0
424	chr19:41835460-49474149	SBS18	1	1	4	0
425	chr19:41835460-49474149	SBS3	1	1	37	0
426	chr19:41835460-49474149	SBS5	1	1	21	0
427	chr19:49489990-54211000	SBS1	1	1	6	0
428	chr19:49489990-54211000	SBS18	1	1	1	0
429	chr19:49489990-54211000	SBS3	1	1	13	0
430	chr19:49489990-54211000	SBS5	1	1	14	0
431	chr19:54211001-54785977	SBS1	1	1	3	0
432	chr19:54211001-54785977	SBS18	1	1	1	0
433	chr19:54211001-54785977	SBS3	1	1	27	0
434	chr19:54211001-54785977	SBS5	1	1	24	0
435	chr19:54786036-58617616	SBS1	1	1	3	0
436	chr19:54786036-58617616	SBS18	1	1	1	0
437	chr19:54786036-58617616	SBS3	1	1	18	0
438	chr19:54786036-58617616	SBS5	1	1	7	0
439	chr19:712233-1829131	SBS1	1	1	1	0
440	chr19:712233-1829131	SBS3	1	1	3	0
441	chr19:712233-1829131	SBS5	1	1	7	0
442	chr1:1-10665003	SBS1	1	0	1	0
443	chr1:1-10665003	SBS18	1	0	2	0
444	chr1:1-10665003	SBS3	1	0	25	0
445	chr1:1-10665003	SBS5	1	0	11	0
446	chr1:10665201-16507397	SBS1	1	0	1	0
447	chr1:10665201-16507397	SBS18	1	0	2	0
448	chr1:10665201-16507397	SBS3	1	0	14	0
449	chr1:10665201-16507397	SBS5	1	0	13	0
450	chr1:112644724-117181045	SBS18	1	1	2	0
451	chr1:112644724-117181045	SBS3	1	1	14	0
452	chr1:112644724-117181045	SBS5	1	1	4	0
453	chr1:117181046-117838776	SBS3	1	1	7	0
454	chr1:117181046-117838776	SBS5	1	1	2	0
455	chr1:117838777-123605522	SBS1	1	1	2	0
456	chr1:117838777-123605522	SBS3	1	1	7	0
457	chr1:117838777-123605522	SBS5	1	1	5	0
458	chr1:123605523-156448586	SBS1	1	1	7	0
459	chr1:123605523-156448586	SBS18	1	1	2	0
460	chr1:123605523-156448586	SBS3	1	1	49	0
461	chr1:123605523-156448586	SBS5	1	1	17	0
462	chr1:156459395-158129036	SBS3	1	1	6	0
463	chr1:156459395-158129036	SBS5	1	1	4	0
464	chr1:158129037-175645364	SBS1	1	1	9	0
465	chr1:158129037-175645364	SBS18	1	1	2	0
466	chr1:158129037-175645364	SBS3	1	1	67	0
467	chr1:158129037-175645364	SBS5	1	1	20	0
468	chr1:16507398-26728235	SBS1	1	1	4	0
469	chr1:16507398-26728235	SBS18	1	1	1	0
470	chr1:16507398-26728235	SBS3	1	1	29	0
471	chr1:16507398-26728235	SBS5	1	1	15	0
472	chr1:175651611-181084000	SBS1	1	1	2	0
473	chr1:175651611-181084000	SBS3	1	1	23	0
474	chr1:175651611-181084000	SBS5	1	1	8	0
475	chr1:181084001-181145000	SBS5	1	1	1	0
476	chr1:181145001-184867352	SBS3	1	1	10	0
477	chr1:181145001-184867352	SBS5	1	1	6	0
478	chr1:184875284-219698155	SBS1	1	1	5	0
479	chr1:184875284-219698155	SBS18	1	1	10	0
480	chr1:184875284-219698155	SBS3	1	1	88	0
481	chr1:184875284-219698155	SBS5	1	1	20	0
482	chr1:219698243-222752806	SBS18	1	1	1	0
483	chr1:219698243-222752806	SBS3	1	1	4	0
484	chr1:219698243-222752806	SBS5	1	1	3	0
485	chr1:222752807-224515000	SBS1	2	1	2	0
486	chr1:222752807-224515000	SBS3	2	1	3	0
487	chr1:222752807-224515000	SBS5	2	1	5	0
488	chr1:224515001-225355870	SBS3	2	1	3	0
489	chr1:224515001-225355870	SBS5	2	1	1	0
490	chr1:225367334-226172201	SBS1	2	1	1	0
491	chr1:225367334-226172201	SBS3	2	1	1	1
492	chr1:225367334-226172201	SBS5	2	1	1	0
493	chr1:226172202-227942329	SBS1	2	1	2	0
494	chr1:226172202-227942329	SBS18	2	1	2	0
495	chr1:226172202-227942329	SBS3	2	1	9	1
496	chr1:226172202-227942329	SBS5	2	1	9	0
497	chr1:227944606-228357000	SBS3	2	1	1	0
498	chr1:228357001-234620317	SBS1	2	0	3	0
499	chr1:228357001-234620317	SBS18	2	0	3	0
500	chr1:228357001-234620317	SBS3	2	0	18	0
501	chr1:228357001-234620317	SBS5	2	0	9	1
502	chr1:234620318-234884120	SBS1	2	0	1	0
503	chr1:234620318-234884120	SBS18	2	0	1	0
504	chr1:234620318-234884120	SBS3	2	0	1	0
505	chr1:234884121-236142161	SBS1	2	0	1	0
506	chr1:234884121-236142161	SBS3	2	0	4	0
507	chr1:236142288-245177253	SBS1	2	1	3	1
508	chr1:236142288-245177253	SBS18	2	1	7	3
509	chr1:236142288-245177253	SBS3	2	1	30	5
510	chr1:236142288-245177253	SBS5	2	1	12	2
511	chr1:245177254-248956422	SBS1	2	0	1	1
512	chr1:245177254-248956422	SBS18	2	0	1	0
513	chr1:245177254-248956422	SBS3	2	0	9	1
514	chr1:245177254-248956422	SBS5	2	0	5	0
515	chr1:26728236-30961732	SBS3	1	0	4	0
516	chr1:26728236-30961732	SBS5	1	0	2	0
517	chr1:30961827-37428192	SBS18	1	0	1	0
518	chr1:30961827-37428192	SBS3	1	0	12	0
519	chr1:30961827-37428192	SBS5	1	0	2	0
520	chr1:37428193-42922000	SBS1	1	1	1	0
521	chr1:37428193-42922000	SBS18	1	1	1	0
522	chr1:37428193-42922000	SBS3	1	1	9	0
523	chr1:37428193-42922000	SBS5	1	1	7	0
524	chr1:42922001-42968000	SBS3	1	1	1	0
525	chr1:42968001-54699357	SBS1	1	1	2	0
526	chr1:42968001-54699357	SBS18	1	1	4	0
527	chr1:42968001-54699357	SBS3	1	1	29	0
528	chr1:42968001-54699357	SBS5	1	1	14	0
529	chr1:54759033-56833500	SBS1	2	1	1	0
530	chr1:54759033-56833500	SBS3	2	1	4	1
531	chr1:54759033-56833500	SBS5	2	1	2	0
532	chr1:56833501-58511000	SBS1	2	1	2	0
533	chr1:56833501-58511000	SBS18	2	1	1	0
534	chr1:56833501-58511000	SBS3	2	1	2	2
535	chr1:56833501-58511000	SBS5	2	1	3	0
536	chr1:58511001-62507927	SBS18	2	1	2	0
537	chr1:58511001-62507927	SBS3	2	1	13	0
538	chr1:58511001-62507927	SBS5	2	1	2	0
539	chr1:62515465-63726261	SBS1	2	1	1	0
540	chr1:62515465-63726261	SBS3	2	1	0	3
541	chr1:63729760-65406891	SBS1	1	1	1	0
542	chr1:63729760-65406891	SBS18	1	1	1	0
543	chr1:63729760-65406891	SBS3	1	1	6	0
544	chr1:63729760-65406891	SBS5	1	1	1	0
545	chr1:65428577-66237000	SBS3	1	1	1	0
546	chr1:66356001-73248206	SBS1	1	1	5	0
547	chr1:66356001-73248206	SBS3	1	1	21	0
548	chr1:66356001-73248206	SBS5	1	1	8	0
549	chr1:73248273-82445679	SBS1	1	1	1	0
550	chr1:73248273-82445679	SBS18	1	1	1	0
551	chr1:73248273-82445679	SBS3	1	1	18	0
552	chr1:73248273-82445679	SBS5	1	1	9	0
553	chr1:82445819-92308150	SBS1	1	1	3	0
554	chr1:82445819-92308150	SBS3	1	1	20	0
555	chr1:82445819-92308150	SBS5	1	1	12	0
556	chr1:92313064-99753386	SBS1	1	1	3	0
557	chr1:92313064-99753386	SBS18	1	1	2	0
558	chr1:92313064-99753386	SBS3	1	1	17	0
559	chr1:92313064-99753386	SBS5	1	1	5	0
560	chr1:99753456-112644723	SBS1	1	1	6	0
561	chr1:99753456-112644723	SBS18	1	1	5	0
562	chr1:99753456-112644723	SBS3	1	1	42	0
563	chr1:99753456-112644723	SBS5	1	1	17	0
564	chr20:1-16707098	SBS3	1	1	39	0
565	chr20:1-16707098	SBS5	1	1	20	0
566	chr20:16707137-28237289	SBS1	1	1	6	0
567	chr20:16707137-28237289	SBS18	1	1	5	0
568	chr20:16707137-28237289	SBS3	1	1	45	0
569	chr20:16707137-28237289	SBS5	1	1	12	0
570	chr20:28237290-31077051	SBS1	1	1	10	0
571	chr20:28237290-31077051	SBS18	1	1	6	0
572	chr20:28237290-31077051	SBS3	1	1	111	0
573	chr20:28237290-31077051	SBS5	1	1	62	0
574	chr20:31077052-31434898	SBS1	10	1	2	0
575	chr20:31077052-31434898	SBS18	10	1	0	1
576	chr20:31435487-31609280	SBS5	4	1	1	0
577	chr20:31778932-31779807	SBS18	5	1	1	0
578	chr20:31778932-31779807	SBS3	5	1	3	0
579	chr20:31779808-32452540	SBS1	4	1	1	0
580	chr20:31779808-32452540	SBS3	4	1	3	1
581	chr20:31779808-32452540	SBS5	4	1	1	0
582	chr20:32457470-33283634	SBS3	1	0	2	0
583	chr20:32457470-33283634	SBS5	1	0	2	0
584	chr20:33285540-46124299	SBS1	1	0	3	0
585	chr20:33285540-46124299	SBS18	1	0	2	0
586	chr20:33285540-46124299	SBS3	1	0	24	0
587	chr20:33285540-46124299	SBS5	1	0	9	0
588	chr20:46124450-47682443	SBS3	1	0	1	0
589	chr20:46124450-47682443	SBS5	1	0	2	0
590	chr20:47690910-64444167	SBS1	1	0	3	0
591	chr20:47690910-64444167	SBS18	1	0	5	0
592	chr20:47690910-64444167	SBS3	1	0	22	0
593	chr20:47690910-64444167	SBS5	1	0	9	0
594	chr21:1-10716586	SBS1	1	1	4	0
595	chr21:1-10716586	SBS18	1	1	2	0
596	chr21:1-10716586	SBS3	1	1	16	0
597	chr21:1-10716586	SBS5	1	1	7	0
598	chr21:10716587-11890183	SBS1	1	1	1	0
599	chr21:10716587-11890183	SBS3	1	1	4	0
600	chr21:10716587-11890183	SBS5	1	1	3	0
601	chr21:11890184-15672787	SBS1	1	1	2	0
602	chr21:11890184-15672787	SBS18	1	1	3	0
603	chr21:11890184-15672787	SBS3	1	1	14	0
604	chr21:11890184-15672787	SBS5	1	1	10	0
605	chr21:15672824-17105000	SBS3	1	1	4	0
606	chr21:15672824-17105000	SBS5	1	1	2	0
607	chr21:17105001-17368000	SBS18	1	1	1	0
608	chr21:17105001-17368000	SBS3	1	1	5	0
609	chr21:17105001-17368000	SBS5	1	1	3	0
610	chr21:17368001-17601484	SBS3	1	1	1	0
611	chr21:17606433-21767000	SBS18	1	1	1	0
612	chr21:17606433-21767000	SBS3	1	1	6	0
613	chr21:17606433-21767000	SBS5	1	1	4	0
614	chr21:21767001-36486244	SBS1	1	1	6	0
615	chr21:21767001-36486244	SBS18	1	1	2	0
616	chr21:21767001-36486244	SBS3	1	1	33	0
617	chr21:21767001-36486244	SBS5	1	1	15	0
618	chr21:36486245-36487022	SBS3	1	1	1	0
619	chr21:36487023-37066450	SBS1	2	1	1	0
620	chr21:36487023-37066450	SBS3	2	1	4	1
621	chr21:37069940-46709983	SBS1	2	1	3	1
622	chr21:37069940-46709983	SBS18	2	1	3	0
623	chr21:37069940-46709983	SBS3	2	1	38	2
624	chr21:37069940-46709983	SBS5	2	1	17	1
625	chr22:1-14004552	SBS1	1	0	2	0
626	chr22:1-14004552	SBS3	1	0	40	0
627	chr22:1-14004552	SBS5	1	0	21	0
628	chr22:14004553-25207120	SBS1	1	1	2	0
629	chr22:14004553-25207120	SBS18	1	1	5	0
630	chr22:14004553-25207120	SBS3	1	1	51	0
631	chr22:14004553-25207120	SBS5	1	1	22	0
632	chr22:25218269-28669921	SBS1	1	1	1	0
633	chr22:25218269-28669921	SBS18	1	1	1	0
634	chr22:25218269-28669921	SBS3	1	1	10	0
635	chr22:25218269-28669921	SBS5	1	1	13	0
636	chr22:28669925-32921588	SBS18	1	1	2	0
637	chr22:28669925-32921588	SBS3	1	1	3	0
638	chr22:28669925-32921588	SBS5	1	1	1	0
639	chr22:32929005-33117776	SBS3	1	1	1	0
640	chr22:33117810-37553923	SBS1	1	1	2	0
641	chr22:33117810-37553923	SBS18	1	1	1	0
642	chr22:33117810-37553923	SBS3	1	1	19	0
643	chr22:33117810-37553923	SBS5	1	1	7	0
644	chr22:37556190-37731181	SBS5	1	1	1	0
645	chr22:37731182-37737267	SBS3	1	0	6	0
646	chr22:37731182-37737267	SBS5	1	0	9	0
647	chr22:37737712-38462374	SBS3	1	1	1	0
648	chr22:38480584-48542121	SBS1	1	1	8	0
649	chr22:38480584-48542121	SBS18	1	1	1	0
650	chr22:38480584-48542121	SBS3	1	1	29	0
651	chr22:38480584-48542121	SBS5	1	1	9	0
652	chr22:48542631-50818468	SBS3	1	1	6	0
653	chr22:48542631-50818468	SBS5	1	1	3	0
654	chr2:1-16948979	SBS1	2	1	6	0
655	chr2:1-16948979	SBS18	2	1	6	0
656	chr2:1-16948979	SBS3	2	1	55	1
657	chr2:1-16948979	SBS5	2	1	15	4
658	chr2:115078871-117543036	SBS1	1	1	1	0
659	chr2:115078871-117543036	SBS18	1	1	2	0
660	chr2:115078871-117543036	SBS3	1	1	11	0
661	chr2:115078871-117543036	SBS5	1	1	3	0
662	chr2:117543037-117550568	SBS3	2	1	1	0
663	chr2:117550569-118801000	SBS3	1	1	9	0
664	chr2:117550569-118801000	SBS5	1	1	1	0
665	chr2:118870001-119579352	SBS18	1	1	1	0
666	chr2:118870001-119579352	SBS3	1	1	2	0
667	chr2:118870001-119579352	SBS5	1	1	2	0
668	chr2:119579374-128403702	SBS1	1	1	2	0
669	chr2:119579374-128403702	SBS18	1	1	2	0
670	chr2:119579374-128403702	SBS3	1	1	20	0
671	chr2:119579374-128403702	SBS5	1	1	11	0
672	chr2:128421790-151532286	SBS1	1	0	3	0
673	chr2:128421790-151532286	SBS18	1	0	4	0
674	chr2:128421790-151532286	SBS3	1	0	54	0
675	chr2:128421790-151532286	SBS5	1	0	29	0
676	chr2:151532321-162993974	SBS1	1	0	1	0
677	chr2:151532321-162993974	SBS3	1	0	14	0
678	chr2:151532321-162993974	SBS5	1	0	4	0
679	chr2:163018483-170613907	SBS1	1	0	3	0
680	chr2:163018483-170613907	SBS3	1	0	17	0
681	chr2:163018483-170613907	SBS5	1	0	4	0
682	chr2:16949041-19079972	SBS1	2	1	0	1
683	chr2:16949041-19079972	SBS18	2	1	1	0
684	chr2:16949041-19079972	SBS3	2	1	4	0
685	chr2:16949041-19079972	SBS5	2	1	2	1
686	chr2:170613908-176944642	SBS1	2	0	1	0
687	chr2:170613908-176944642	SBS3	2	0	13	4
688	chr2:170613908-176944642	SBS5	2	0	4	1
689	chr2:176944683-179810436	SBS3	2	0	5	2
690	chr2:176944683-179810436	SBS5	2	0	3	0
691	chr2:179811013-181135168	SBS18	1	0	1	0
692	chr2:181135169-236694000	SBS1	1	0	8	0
693	chr2:181135169-236694000	SBS18	1	0	14	0
694	chr2:181135169-236694000	SBS3	1	0	118	0
695	chr2:181135169-236694000	SBS5	1	0	53	0
696	chr2:19079973-19080311	SBS5	1	1	1	0
697	chr2:19080312-25644694	SBS1	2	1	2	1
698	chr2:19080312-25644694	SBS18	2	1	1	0
699	chr2:19080312-25644694	SBS3	2	1	17	2
700	chr2:19080312-25644694	SBS5	2	1	5	2
701	chr2:236694001-239612413	SBS1	2	1	2	0
702	chr2:236694001-239612413	SBS3	2	1	6	4
703	chr2:236694001-239612413	SBS5	2	1	3	1
704	chr2:239612414-239612839	SBS5	2	0	1	0
705	chr2:239612840-239726495	SBS3	2	1	1	0
706	chr2:239726496-242193529	SBS1	2	0	1	2
707	chr2:239726496-242193529	SBS3	2	0	6	1
708	chr2:25644695-27681000	SBS1	2	1	1	0
709	chr2:25644695-27681000	SBS18	2	1	2	0
710	chr2:25644695-27681000	SBS3	2	1	6	1
711	chr2:25644695-27681000	SBS5	2	1	1	0
712	chr2:27681001-27738000	SBS5	1	1	1	0
713	chr2:27738001-30550107	SBS18	2	1	1	0
714	chr2:27738001-30550107	SBS3	2	1	9	0
715	chr2:27738001-30550107	SBS5	2	1	2	0
716	chr2:30550108-39978525	SBS1	1	1	3	0
717	chr2:30550108-39978525	SBS18	1	1	1	0
718	chr2:30550108-39978525	SBS3	1	1	12	0
719	chr2:30550108-39978525	SBS5	1	1	13	0
720	chr2:39978731-41896242	SBS1	1	1	1	0
721	chr2:39978731-41896242	SBS3	1	1	5	0
722	chr2:39978731-41896242	SBS5	1	1	1	0
723	chr2:41896243-42025426	SBS3	2	1	1	0
724	chr2:42025490-43203916	SBS1	2	1	0	1
725	chr2:42025490-43203916	SBS3	2	1	2	1
726	chr2:42025490-43203916	SBS5	2	1	3	0
727	chr2:43203917-43366335	SBS3	1	1	1	0
728	chr2:43366383-46907586	SBS1	1	1	2	0
729	chr2:43366383-46907586	SBS18	1	1	1	0
730	chr2:43366383-46907586	SBS3	1	1	7	0
731	chr2:43366383-46907586	SBS5	1	1	1	0
732	chr2:47191159-55665441	SBS1	1	1	6	0
733	chr2:47191159-55665441	SBS18	1	1	1	0
734	chr2:47191159-55665441	SBS3	1	1	8	0
735	chr2:47191159-55665441	SBS5	1	1	9	0
736	chr2:55671467-58613874	SBS3	1	1	6	0
737	chr2:55671467-58613874	SBS5	1	1	3	0
738	chr2:58613875-60443394	SBS3	1	1	4	0
739	chr2:58613875-60443394	SBS5	1	1	2	0
740	chr2:60493851-62437347	SBS3	1	1	1	0
741	chr2:60493851-62437347	SBS5	1	1	1	0
742	chr2:62437382-63029754	SBS18	1	1	1	0
743	chr2:62437382-63029754	SBS3	1	1	1	0
744	chr2:63033883-85576000	SBS1	1	1	12	0
745	chr2:63033883-85576000	SBS18	1	1	5	0
746	chr2:63033883-85576000	SBS3	1	1	61	0
747	chr2:63033883-85576000	SBS5	1	1	25	0
748	chr2:85618001-86299864	SBS3	1	1	8	0
749	chr2:86306114-93139350	SBS1	1	1	3	0
750	chr2:86306114-93139350	SBS18	1	1	5	0
751	chr2:86306114-93139350	SBS3	1	1	20	0
752	chr2:86306114-93139350	SBS5	1	1	18	0
753	chr2:93139351-95403106	SBS1	1	1	3	0
754	chr2:93139351-95403106	SBS18	1	1	1	0
755	chr2:93139351-95403106	SBS3	1	1	15	0
756	chr2:93139351-95403106	SBS5	1	1	6	0
757	chr2:95403280-115078581	SBS1	1	1	5	0
758	chr2:95403280-115078581	SBS18	1	1	5	0
759	chr2:95403280-115078581	SBS3	1	1	43	0
760	chr2:95403280-115078581	SBS5	1	1	21	0
761	chr3:1-22501193	SBS1	2	0	6	1
762	chr3:1-22501193	SBS18	2	0	7	1
763	chr3:1-22501193	SBS3	2	0	57	8
764	chr3:1-22501193	SBS5	2	0	25	2
765	chr3:103129399-106766761	SBS18	1	1	1	0
766	chr3:103129399-106766761	SBS3	1	1	5	0
767	chr3:103129399-106766761	SBS5	1	1	2	0
768	chr3:106766789-107428436	SBS1	1	1	2	0
769	chr3:107435049-113125790	SBS1	1	1	1	0
770	chr3:107435049-113125790	SBS18	1	1	2	0
771	chr3:107435049-113125790	SBS3	1	1	13	0
772	chr3:107435049-113125790	SBS5	1	1	4	0
773	chr3:113233166-120416000	SBS1	1	1	2	0
774	chr3:113233166-120416000	SBS18	1	1	5	0
775	chr3:113233166-120416000	SBS3	1	1	17	0
776	chr3:113233166-120416000	SBS5	1	1	9	0
777	chr3:120453001-125308805	SBS1	1	1	1	0
778	chr3:120453001-125308805	SBS3	1	1	8	0
779	chr3:120453001-125308805	SBS5	1	1	9	0
780	chr3:125316177-129476247	SBS1	1	1	2	0
781	chr3:125316177-129476247	SBS18	1	1	1	0
782	chr3:125316177-129476247	SBS3	1	1	22	0
783	chr3:125316177-129476247	SBS5	1	1	16	0
784	chr3:129476287-132415168	SBS3	1	1	18	0
785	chr3:129476287-132415168	SBS5	1	1	10	0
786	chr3:132415193-137401375	SBS1	1	1	3	0
787	chr3:132415193-137401375	SBS3	1	1	19	0
788	chr3:132415193-137401375	SBS5	1	1	5	0
789	chr3:137401376-152255869	SBS1	2	1	10	1
790	chr3:137401376-152255869	SBS18	2	1	5	1
791	chr3:137401376-152255869	SBS3	2	1	58	5
792	chr3:137401376-152255869	SBS5	2	1	16	0
793	chr3:152285832-158411718	SBS1	2	1	0	1
794	chr3:152285832-158411718	SBS3	2	1	19	0
795	chr3:152285832-158411718	SBS5	2	1	14	1
796	chr3:158411719-158633000	SBS3	3	1	1	0
797	chr3:158633001-158828000	SBS3	2	1	1	0
798	chr3:158633001-158828000	SBS5	2	1	1	0
799	chr3:159347802-160039779	SBS18	2	1	1	0
800	chr3:159347802-160039779	SBS3	2	1	3	0
801	chr3:160039821-170492703	SBS1	2	1	3	0
802	chr3:160039821-170492703	SBS18	2	1	4	0
803	chr3:160039821-170492703	SBS3	2	1	42	1
804	chr3:160039821-170492703	SBS5	2	1	17	0
805	chr3:170498123-184442438	SBS1	2	1	4	0
806	chr3:170498123-184442438	SBS18	2	1	5	1
807	chr3:170498123-184442438	SBS3	2	1	43	1
808	chr3:170498123-184442438	SBS5	2	1	18	0
809	chr3:184442439-185001016	SBS3	1	1	2	0
810	chr3:185014616-185751780	SBS1	2	1	1	0
811	chr3:185014616-185751780	SBS3	2	1	3	0
812	chr3:185751781-189438405	SBS1	3	1	2	1
813	chr3:185751781-189438405	SBS18	3	1	1	0
814	chr3:185751781-189438405	SBS3	3	1	18	2
815	chr3:185751781-189438405	SBS5	3	1	3	0
816	chr3:189438460-191095578	SBS18	3	1	1	0
817	chr3:189438460-191095578	SBS3	3	1	2	2
818	chr3:189438460-191095578	SBS5	3	1	4	0
819	chr3:191095613-191431073	SBS3	3	1	2	0
820	chr3:191095613-191431073	SBS5	3	1	1	0
821	chr3:191431620-192800000	SBS1	3	1	1	0
822	chr3:191431620-192800000	SBS18	3	1	1	0
823	chr3:191431620-192800000	SBS3	3	1	11	0
824	chr3:191431620-192800000	SBS5	3	1	5	1
825	chr3:192800001-194593527	SBS18	3	1	0	1
826	chr3:192800001-194593527	SBS3	3	1	2	0
827	chr3:192800001-194593527	SBS5	3	1	1	1
828	chr3:194593567-198295559	SBS1	3	1	4	0
829	chr3:194593567-198295559	SBS3	3	1	21	1
830	chr3:194593567-198295559	SBS5	3	1	9	0
831	chr3:22501500-25584373	SBS3	2	0	6	0
832	chr3:25584590-29808270	SBS3	2	0	12	3
833	chr3:25584590-29808270	SBS5	2	0	4	0
834	chr3:29811593-32488177	SBS3	1	0	1	0
835	chr3:29811593-32488177	SBS5	1	0	1	0
836	chr3:32488392-45384466	SBS1	1	0	5	0
837	chr3:32488392-45384466	SBS18	1	0	1	0
838	chr3:32488392-45384466	SBS3	1	0	23	0
839	chr3:32488392-45384466	SBS5	1	0	12	0
840	chr3:45384496-65966314	SBS1	1	0	3	0
841	chr3:45384496-65966314	SBS18	1	0	3	0
842	chr3:45384496-65966314	SBS3	1	0	39	0
843	chr3:45384496-65966314	SBS5	1	0	16	0
844	chr3:65983709-70100270	SBS1	1	0	3	0
845	chr3:65983709-70100270	SBS3	1	0	5	0
846	chr3:65983709-70100270	SBS5	1	0	1	0
847	chr3:70100271-78405227	SBS1	1	1	8	0
848	chr3:70100271-78405227	SBS18	1	1	5	0
849	chr3:70100271-78405227	SBS3	1	1	34	0
850	chr3:70100271-78405227	SBS5	1	1	27	0
851	chr3:78405228-78411948	SBS3	2	1	1	0
852	chr3:78411949-92214015	SBS1	1	1	8	0
853	chr3:78411949-92214015	SBS18	1	1	7	0
854	chr3:78411949-92214015	SBS3	1	1	123	0
855	chr3:78411949-92214015	SBS5	1	1	63	0
856	chr3:92214016-93861783	SBS18	1	1	1	0
857	chr3:92214016-93861783	SBS3	1	1	2	0
858	chr3:92214016-93861783	SBS5	1	1	1	0
859	chr3:93861799-103129398	SBS1	1	1	1	0
860	chr3:93861799-103129398	SBS18	1	1	5	0
861	chr3:93861799-103129398	SBS3	1	1	26	0
862	chr3:93861799-103129398	SBS5	1	1	17	0
863	chr4:1-22586520	SBS1	1	0	4	0
864	chr4:1-22586520	SBS18	1	0	2	0
865	chr4:1-22586520	SBS3	1	0	53	0
866	chr4:1-22586520	SBS5	1	0	24	0
867	chr4:102261853-113206560	SBS1	1	0	3	0
868	chr4:102261853-113206560	SBS18	1	0	2	0
869	chr4:102261853-113206560	SBS3	1	0	25	0
870	chr4:102261853-113206560	SBS5	1	0	10	0
871	chr4:113210740-114404931	SBS3	1	0	2	0
872	chr4:114404932-136958023	SBS1	1	0	8	0
873	chr4:114404932-136958023	SBS18	1	0	5	0
874	chr4:114404932-136958023	SBS3	1	0	37	0
875	chr4:114404932-136958023	SBS5	1	0	19	0
876	chr4:136962804-144896644	SBS1	1	0	1	0
877	chr4:136962804-144896644	SBS3	1	0	7	0
878	chr4:136962804-144896644	SBS5	1	0	9	0
879	chr4:144901912-151780896	SBS1	1	0	3	0
880	chr4:144901912-151780896	SBS18	1	0	2	0
881	chr4:144901912-151780896	SBS3	1	0	19	0
882	chr4:144901912-151780896	SBS5	1	0	14	0
883	chr4:152085054-159160357	SBS1	1	0	8	0
884	chr4:152085054-159160357	SBS18	1	0	1	0
885	chr4:152085054-159160357	SBS3	1	0	9	0
886	chr4:152085054-159160357	SBS5	1	0	8	0
887	chr4:159160395-167196968	SBS3	1	0	5	0
888	chr4:159160395-167196968	SBS5	1	0	8	0
889	chr4:167197004-190214555	SBS1	1	0	14	0
890	chr4:167197004-190214555	SBS18	1	0	6	0
891	chr4:167197004-190214555	SBS3	1	0	61	0
892	chr4:167197004-190214555	SBS5	1	0	22	0
893	chr4:22587817-47296338	SBS1	1	0	6	0
894	chr4:22587817-47296338	SBS18	1	0	1	0
895	chr4:22587817-47296338	SBS3	1	0	31	0
896	chr4:22587817-47296338	SBS5	1	0	12	0
897	chr4:47296339-48629436	SBS3	1	1	4	0
898	chr4:48634019-50726025	SBS1	1	1	2	0
899	chr4:48634019-50726025	SBS3	1	1	8	0
900	chr4:48634019-50726025	SBS5	1	1	4	0
901	chr4:50726026-102251936	SBS1	1	0	7	0
902	chr4:50726026-102251936	SBS18	1	0	5	0
903	chr4:50726026-102251936	SBS3	1	0	57	0
904	chr4:50726026-102251936	SBS5	1	0	38	0
905	chr5:1-5160959	SBS1	1	1	2	0
906	chr5:1-5160959	SBS3	1	1	13	0
907	chr5:1-5160959	SBS5	1	1	5	0
908	chr5:116531924-125656952	SBS1	2	0	3	0
909	chr5:116531924-125656952	SBS3	2	0	13	2
910	chr5:116531924-125656952	SBS5	2	0	9	1
911	chr5:125658063-132362000	SBS1	2	0	1	0
912	chr5:125658063-132362000	SBS3	2	0	12	3
913	chr5:125658063-132362000	SBS5	2	0	6	0
914	chr5:132362001-132482479	SBS3	2	0	1	0
915	chr5:132482480-149868140	SBS1	1	0	5	0
916	chr5:132482480-149868140	SBS3	1	0	28	0
917	chr5:132482480-149868140	SBS5	1	0	11	0
918	chr5:149871261-169295327	SBS18	1	0	1	0
919	chr5:149871261-169295327	SBS3	1	0	34	0
920	chr5:149871261-169295327	SBS5	1	0	15	0
921	chr5:169296682-172974756	SBS1	1	0	4	0
922	chr5:169296682-172974756	SBS3	1	0	12	0
923	chr5:169296682-172974756	SBS5	1	0	6	0
924	chr5:172974902-181538259	SBS1	1	0	8	0
925	chr5:172974902-181538259	SBS18	1	0	1	0
926	chr5:172974902-181538259	SBS3	1	0	9	0
927	chr5:172974902-181538259	SBS5	1	0	5	0
928	chr5:41215679-48272853	SBS1	1	1	1	0
929	chr5:41215679-48272853	SBS18	1	1	1	0
930	chr5:41215679-48272853	SBS3	1	1	18	0
931	chr5:41215679-48272853	SBS5	1	1	9	0
932	chr5:48272854-51152883	SBS3	1	1	2	0
933	chr5:51152884-60078874	SBS1	1	0	1	0
934	chr5:51152884-60078874	SBS18	1	0	1	0
935	chr5:51152884-60078874	SBS3	1	0	20	0
936	chr5:51152884-60078874	SBS5	1	0	12	0
937	chr5:5161138-6646493	SBS1	1	1	4	0
938	chr5:5161138-6646493	SBS3	1	1	3	0
939	chr5:5161138-6646493	SBS5	1	1	1	0
940	chr5:60078932-95614887	SBS1	1	0	3	0
941	chr5:60078932-95614887	SBS18	1	0	4	0
942	chr5:60078932-95614887	SBS3	1	0	42	0
943	chr5:60078932-95614887	SBS5	1	0	17	0
944	chr5:6653208-41208457	SBS1	1	1	21	0
945	chr5:6653208-41208457	SBS18	1	1	5	0
946	chr5:6653208-41208457	SBS3	1	1	103	0
947	chr5:6653208-41208457	SBS5	1	1	40	0
948	chr5:95615207-116531923	SBS1	1	0	6	0
949	chr5:95615207-116531923	SBS18	1	0	2	0
950	chr5:95615207-116531923	SBS3	1	0	31	0
951	chr5:95615207-116531923	SBS5	1	0	21	0
952	chr6:117781204-120359620	SBS1	1	0	1	0
953	chr6:117781204-120359620	SBS18	1	0	2	0
954	chr6:117781204-120359620	SBS3	1	0	6	0
955	chr6:120359621-125114381	SBS1	1	0	1	0
956	chr6:120359621-125114381	SBS3	1	0	15	0
957	chr6:120359621-125114381	SBS5	1	0	4	0
958	chr6:125114414-133291225	SBS1	1	0	1	0
959	chr6:125114414-133291225	SBS18	1	0	2	0
960	chr6:125114414-133291225	SBS3	1	0	18	0
961	chr6:125114414-133291225	SBS5	1	0	13	0
962	chr6:133291282-143213642	SBS1	1	0	4	0
963	chr6:133291282-143213642	SBS18	1	0	2	0
964	chr6:133291282-143213642	SBS3	1	0	12	0
965	chr6:133291282-143213642	SBS5	1	0	9	0
966	chr6:143213643-154703237	SBS1	1	0	3	0
967	chr6:143213643-154703237	SBS18	1	0	3	0
968	chr6:143213643-154703237	SBS3	1	0	23	0
969	chr6:143213643-154703237	SBS5	1	0	7	0
970	chr6:154703279-167914728	SBS1	1	0	2	0
971	chr6:154703279-167914728	SBS18	1	0	3	0
972	chr6:154703279-167914728	SBS3	1	0	22	0
973	chr6:154703279-167914728	SBS5	1	0	8	0
974	chr6:167945026-170805979	SBS3	1	0	5	0
975	chr6:167945026-170805979	SBS5	1	0	6	0
976	chr6:59191911-64344500	SBS18	1	1	4	0
977	chr6:59191911-64344500	SBS3	1	1	33	0
978	chr6:59191911-64344500	SBS5	1	1	14	0
979	chr6:64344501-69625874	SBS1	1	0	1	0
980	chr6:64344501-69625874	SBS18	1	0	1	0
981	chr6:64344501-69625874	SBS3	1	0	7	0
982	chr6:69625875-79019152	SBS1	1	0	2	0
983	chr6:69625875-79019152	SBS18	1	0	2	0
984	chr6:69625875-79019152	SBS3	1	0	11	0
985	chr6:69625875-79019152	SBS5	1	0	10	0
986	chr6:79037119-117781165	SBS1	1	0	4	0
987	chr6:79037119-117781165	SBS18	1	0	4	0
988	chr6:79037119-117781165	SBS3	1	0	67	0
989	chr6:79037119-117781165	SBS5	1	0	24	0
990	chr7:1-1563474	SBS1	1	1	2	0
991	chr7:1-1563474	SBS3	1	1	3	0
992	chr7:1-1563474	SBS5	1	1	1	0
993	chr7:101438985-110539327	SBS18	1	1	2	0
994	chr7:101438985-110539327	SBS3	1	1	24	0
995	chr7:101438985-110539327	SBS5	1	1	10	0
996	chr7:11019123-15088472	SBS18	1	1	2	0
997	chr7:11019123-15088472	SBS3	1	1	7	0
998	chr7:11019123-15088472	SBS5	1	1	3	0
999	chr7:110539328-111501594	SBS1	2	1	0	1
1000	chr7:110539328-111501594	SBS3	2	1	5	1
1001	chr7:111650965-115782850	SBS1	2	1	1	0
1002	chr7:111650965-115782850	SBS18	2	1	1	0
1003	chr7:111650965-115782850	SBS3	2	1	11	2
1004	chr7:111650965-115782850	SBS5	2	1	1	3
1005	chr7:115782851-116066869	SBS3	1	1	1	0
1006	chr7:116066870-116108853	SBS3	2	1	1	0
1007	chr7:116109251-118150619	SBS1	2	1	2	1
1008	chr7:116109251-118150619	SBS3	2	1	8	0
1009	chr7:116109251-118150619	SBS5	2	1	3	0
1010	chr7:118249635-119677279	SBS1	2	1	1	0
1011	chr7:118249635-119677279	SBS3	2	1	9	1
1012	chr7:118249635-119677279	SBS5	2	1	0	2
1013	chr7:119677322-120491610	SBS18	2	1	1	0
1014	chr7:119677322-120491610	SBS3	2	1	4	0
1015	chr7:119677322-120491610	SBS5	2	1	1	0
1016	chr7:120491611-121077428	SBS1	1	1	1	0
1017	chr7:120491611-121077428	SBS3	1	1	1	0
1018	chr7:121077462-130368485	SBS1	1	1	2	0
1019	chr7:121077462-130368485	SBS18	1	1	1	0
1020	chr7:121077462-130368485	SBS3	1	1	37	0
1021	chr7:121077462-130368485	SBS5	1	1	9	0
1022	chr7:130368486-130373619	SBS3	1	1	1	0
1023	chr7:130373620-137932000	SBS1	1	1	2	0
1024	chr7:130373620-137932000	SBS18	1	1	3	0
1025	chr7:130373620-137932000	SBS3	1	1	24	0
1026	chr7:130373620-137932000	SBS5	1	1	10	0
1027	chr7:138016001-139103768	SBS3	1	1	2	0
1028	chr7:138016001-139103768	SBS5	1	1	6	0
1029	chr7:139109885-139447836	SBS3	1	1	1	0
1030	chr7:139450059-152308292	SBS1	1	1	7	0
1031	chr7:139450059-152308292	SBS18	1	1	8	0
1032	chr7:139450059-152308292	SBS3	1	1	89	0
1033	chr7:139450059-152308292	SBS5	1	1	37	0
1034	chr7:15095834-30714359	SBS1	1	1	5	0
1035	chr7:15095834-30714359	SBS18	1	1	5	0
1036	chr7:15095834-30714359	SBS3	1	1	45	0
1037	chr7:15095834-30714359	SBS5	1	1	18	0
1038	chr7:152313426-159345973	SBS1	1	1	16	0
1039	chr7:152313426-159345973	SBS18	1	1	1	0
1040	chr7:152313426-159345973	SBS3	1	1	27	0
1041	chr7:152313426-159345973	SBS5	1	1	19	0
1042	chr7:1563535-7306063	SBS1	1	1	7	0
1043	chr7:1563535-7306063	SBS18	1	1	3	0
1044	chr7:1563535-7306063	SBS3	1	1	17	0
1045	chr7:1563535-7306063	SBS5	1	1	8	0
1046	chr7:30722924-31765669	SBS3	1	1	3	0
1047	chr7:30722924-31765669	SBS5	1	1	2	0
1048	chr7:31777245-32478990	SBS3	1	1	1	0
1049	chr7:32494010-41677169	SBS1	2	1	5	0
1050	chr7:32494010-41677169	SBS18	2	1	3	1
1051	chr7:32494010-41677169	SBS3	2	1	36	2
1052	chr7:32494010-41677169	SBS5	2	1	18	3
1053	chr7:42203237-48319181	SBS1	1	1	3	0
1054	chr7:42203237-48319181	SBS18	1	1	2	0
1055	chr7:42203237-48319181	SBS3	1	1	22	0
1056	chr7:42203237-48319181	SBS5	1	1	6	0
1057	chr7:48319182-48327889	SBS5	2	1	1	0
1058	chr7:48327890-55456274	SBS1	1	1	2	0
1059	chr7:48327890-55456274	SBS18	1	1	3	0
1060	chr7:48327890-55456274	SBS3	1	1	15	0
1061	chr7:48327890-55456274	SBS5	1	1	7	0
1062	chr7:55456503-59498943	SBS1	1	1	2	0
1063	chr7:55456503-59498943	SBS18	1	1	1	0
1064	chr7:55456503-59498943	SBS3	1	1	17	0
1065	chr7:55456503-59498943	SBS5	1	1	11	0
1066	chr7:59498944-62298088	SBS1	1	1	2	0
1067	chr7:59498944-62298088	SBS18	1	1	3	0
1068	chr7:59498944-62298088	SBS3	1	1	35	0
1069	chr7:59498944-62298088	SBS5	1	1	31	0
1070	chr7:62298089-64042287	SBS1	1	1	4	0
1071	chr7:62298089-64042287	SBS3	1	1	23	0
1072	chr7:62298089-64042287	SBS5	1	1	18	0
1073	chr7:64044246-66612610	SBS1	1	1	3	0
1074	chr7:64044246-66612610	SBS3	1	1	12	0
1075	chr7:64044246-66612610	SBS5	1	1	9	0
1076	chr7:66613506-68085964	SBS3	1	1	4	0
1077	chr7:66613506-68085964	SBS5	1	1	2	0
1078	chr7:68090710-69546000	SBS1	1	1	1	0
1079	chr7:68090710-69546000	SBS18	1	1	1	0
1080	chr7:68090710-69546000	SBS3	1	1	7	0
1081	chr7:68090710-69546000	SBS5	1	1	3	0
1082	chr7:69546001-70793000	SBS3	1	1	2	0
1083	chr7:69546001-70793000	SBS5	1	1	1	0
1084	chr7:70793001-73822000	SBS1	1	1	4	0
1085	chr7:70793001-73822000	SBS18	1	1	1	0
1086	chr7:70793001-73822000	SBS3	1	1	11	0
1087	chr7:70793001-73822000	SBS5	1	1	10	0
1088	chr7:7308732-11019107	SBS1	1	1	2	0
1089	chr7:7308732-11019107	SBS18	1	1	1	0
1090	chr7:7308732-11019107	SBS3	1	1	4	0
1091	chr7:7308732-11019107	SBS5	1	1	2	0
1092	chr7:73860001-79384013	SBS1	1	1	1	0
1093	chr7:73860001-79384013	SBS18	1	1	3	0
1094	chr7:73860001-79384013	SBS3	1	1	11	0
1095	chr7:73860001-79384013	SBS5	1	1	10	0
1096	chr7:79390600-86440646	SBS1	1	1	3	0
1097	chr7:79390600-86440646	SBS18	1	1	1	0
1098	chr7:79390600-86440646	SBS3	1	1	19	0
1099	chr7:79390600-86440646	SBS5	1	1	10	0
1100	chr7:86440688-93878546	SBS18	1	1	3	0
1101	chr7:86440688-93878546	SBS3	1	1	24	0
1102	chr7:86440688-93878546	SBS5	1	1	11	0
1103	chr7:93878585-98864767	SBS18	1	1	2	0
1104	chr7:93878585-98864767	SBS3	1	1	23	0
1105	chr7:93878585-98864767	SBS5	1	1	10	0
1106	chr7:98864768-101438984	SBS3	2	1	12	2
1107	chr7:98864768-101438984	SBS5	2	1	10	0
1108	chr8:1-17761991	SBS1	1	0	4	0
1109	chr8:1-17761991	SBS3	1	0	38	0
1110	chr8:1-17761991	SBS5	1	0	11	0
1111	chr8:117222790-132591853	SBS1	1	1	1	0
1112	chr8:117222790-132591853	SBS18	1	1	4	0
1113	chr8:117222790-132591853	SBS3	1	1	28	0
1114	chr8:117222790-132591853	SBS5	1	1	14	0
1115	chr8:132831580-145138636	SBS1	1	1	4	0
1116	chr8:132831580-145138636	SBS18	1	1	2	0
1117	chr8:132831580-145138636	SBS3	1	1	42	0
1118	chr8:132831580-145138636	SBS5	1	1	14	0
1119	chr8:17761992-17770452	SBS5	2	0	1	0
1120	chr8:17770453-28729031	SBS18	1	0	2	0
1121	chr8:17770453-28729031	SBS3	1	0	17	0
1122	chr8:17770453-28729031	SBS5	1	0	3	0
1123	chr8:28729720-44955504	SBS1	1	0	3	0
1124	chr8:28729720-44955504	SBS18	1	0	2	0
1125	chr8:28729720-44955504	SBS3	1	0	25	0
1126	chr8:28729720-44955504	SBS5	1	0	11	0
1127	chr8:46596646-88822477	SBS1	1	0	10	0
1128	chr8:46596646-88822477	SBS18	1	0	6	0
1129	chr8:46596646-88822477	SBS3	1	0	83	0
1130	chr8:46596646-88822477	SBS5	1	0	37	0
1131	chr8:88822478-89716000	SBS3	1	1	3	0
1132	chr8:88822478-89716000	SBS5	1	1	2	0
1133	chr8:89716001-90008000	SBS3	1	1	1	0
1134	chr8:89716001-90008000	SBS5	1	1	1	0
1135	chr8:90008001-90775486	SBS1	1	1	2	0
1136	chr8:90008001-90775486	SBS3	1	1	1	0
1137	chr8:90008001-90775486	SBS5	1	1	4	0
1138	chr8:90775615-92119501	SBS1	1	1	1	0
1139	chr8:90775615-92119501	SBS3	1	1	6	0
1140	chr8:90775615-92119501	SBS5	1	1	2	0
1141	chr8:92119534-98956260	SBS1	1	1	2	0
1142	chr8:92119534-98956260	SBS18	1	1	2	0
1143	chr8:92119534-98956260	SBS3	1	1	18	0
1144	chr8:92119534-98956260	SBS5	1	1	11	0
1145	chr8:98975588-117222702	SBS1	1	1	4	0
1146	chr8:98975588-117222702	SBS18	1	1	12	0
1147	chr8:98975588-117222702	SBS3	1	1	42	0
1148	chr8:98975588-117222702	SBS5	1	1	27	0
1149	chr9:1-8558328	SBS1	1	1	5	0
1150	chr9:1-8558328	SBS18	1	1	1	0
1151	chr9:1-8558328	SBS3	1	1	14	0
1152	chr9:1-8558328	SBS5	1	1	12	0
1153	chr9:104960391-116814850	SBS18	1	0	1	0
1154	chr9:104960391-116814850	SBS3	1	0	9	0
1155	chr9:104960391-116814850	SBS5	1	0	5	0
1156	chr9:11040598-21711735	SBS1	1	1	1	0
1157	chr9:11040598-21711735	SBS18	1	1	2	0
1158	chr9:11040598-21711735	SBS3	1	1	24	0
1159	chr9:11040598-21711735	SBS5	1	1	10	0
1160	chr9:116814958-128024227	SBS1	1	0	2	0
1161	chr9:116814958-128024227	SBS18	1	0	3	0
1162	chr9:116814958-128024227	SBS3	1	0	19	0
1163	chr9:116814958-128024227	SBS5	1	0	3	0
1164	chr9:128024230-138394717	SBS1	1	0	7	0
1165	chr9:128024230-138394717	SBS3	1	0	30	0
1166	chr9:128024230-138394717	SBS5	1	0	24	0
1167	chr9:21711909-30242520	SBS1	1	1	3	0
1168	chr9:21711909-30242520	SBS18	1	1	6	0
1169	chr9:21711909-30242520	SBS3	1	1	21	0
1170	chr9:21711909-30242520	SBS5	1	1	12	0
1171	chr9:30242521-34592149	SBS1	1	1	1	0
1172	chr9:30242521-34592149	SBS18	1	1	2	0
1173	chr9:30242521-34592149	SBS3	1	1	24	0
1174	chr9:30242521-34592149	SBS5	1	1	16	0
1175	chr9:34592150-34683109	SBS3	1	1	1	0
1176	chr9:34683110-44377362	SBS1	1	1	6	0
1177	chr9:34683110-44377362	SBS18	1	1	2	0
1178	chr9:34683110-44377362	SBS3	1	1	33	0
1179	chr9:34683110-44377362	SBS5	1	1	30	0
1180	chr9:44377363-73070067	SBS1	1	0	6	0
1181	chr9:44377363-73070067	SBS18	1	0	3	0
1182	chr9:44377363-73070067	SBS3	1	0	32	0
1183	chr9:44377363-73070067	SBS5	1	0	30	0
1184	chr9:73070068-76258531	SBS3	1	0	9	0
1185	chr9:73070068-76258531	SBS5	1	0	6	0
1186	chr9:76265579-84781129	SBS1	1	0	1	0
1187	chr9:76265579-84781129	SBS18	1	0	1	0
1188	chr9:76265579-84781129	SBS3	1	0	16	0
1189	chr9:76265579-84781129	SBS5	1	0	10	0
1190	chr9:84781797-104960350	SBS1	1	0	4	0
1191	chr9:84781797-104960350	SBS18	1	0	1	0
1192	chr9:84781797-104960350	SBS3	1	0	40	0
1193	chr9:84781797-104960350	SBS5	1	0	15	0
1194	chr9:8568405-11040477	SBS3	1	1	11	0
