	segment_id	sig_max	major_cn	minor_cn	N1	N2	N3	N4	N5	N6
0	chr10:1-2929520	SBS1	2	0	1	0	0	0	0	0
1	chr10:1-2929520	SBS13	2	0	1	1	0	0	0	0
2	chr10:1-2929520	SBS3	2	0	4	0	0	0	0	0
3	chr10:122229679-133797422	SBS1	2	0	0	1	0	0	0	0
4	chr10:122229679-133797422	SBS13	2	0	2	0	0	0	0	0
5	chr10:122229679-133797422	SBS3	2	0	24	3	0	0	0	0
6	chr10:13128554-19206572	SBS13	2	1	2	1	0	0	0	0
7	chr10:13128554-19206572	SBS2	2	1	1	1	0	0	0	0
8	chr10:13128554-19206572	SBS3	2	1	19	3	0	0	0	0
9	chr10:19207246-21444427	SBS13	2	1	1	0	0	0	0	0
10	chr10:19207246-21444427	SBS3	2	1	7	3	0	0	0	0
11	chr10:21444428-21446215	SBS13	3	2	1	3	0	0	0	0
12	chr10:21444428-21446215	SBS3	3	2	0	2	0	0	0	0
13	chr10:21446216-21777988	SBS2	4	2	0	0	1	0	0	0
14	chr10:21446216-21777988	SBS3	4	2	0	2	0	0	0	0
15	chr10:21777989-24433737	SBS13	2	2	3	0	0	0	0	0
16	chr10:21777989-24433737	SBS2	2	2	2	0	0	0	0	0
17	chr10:21777989-24433737	SBS3	2	2	8	5	0	0	0	0
18	chr10:24433738-24735052	SBS3	2	2	0	3	0	0	0	0
19	chr10:24735068-25652627	SBS3	2	2	2	3	0	0	0	0
20	chr10:25653200-28123627	SBS1	3	2	0	0	2	0	0	0
21	chr10:25653200-28123627	SBS13	3	2	0	1	0	0	0	0
22	chr10:25653200-28123627	SBS2	3	2	2	1	0	0	0	0
23	chr10:25653200-28123627	SBS3	3	2	9	3	4	0	0	0
24	chr10:28123737-29158786	SBS13	2	2	1	0	0	0	0	0
25	chr10:28123737-29158786	SBS3	2	2	1	1	0	0	0	0
26	chr10:29158787-30694190	SBS13	2	1	1	1	0	0	0	0
27	chr10:29158787-30694190	SBS3	2	1	7	3	0	0	0	0
28	chr10:2929546-2931323	SBS3	3	0	0	1	0	0	0	0
29	chr10:2931327-7776148	SBS13	2	0	1	1	0	0	0	0
30	chr10:2931327-7776148	SBS3	2	0	7	3	0	0	0	0
31	chr10:30694191-37339000	SBS13	2	2	2	1	0	0	0	0
32	chr10:30694191-37339000	SBS3	2	2	13	14	0	0	0	0
33	chr10:37339001-37774000	SBS13	4	2	1	2	0	1	0	0
34	chr10:37339001-37774000	SBS2	4	2	1	0	0	0	0	0
35	chr10:37774001-40640101	SBS1	2	2	1	2	0	0	0	0
36	chr10:37774001-40640101	SBS13	2	2	1	0	0	0	0	0
37	chr10:37774001-40640101	SBS2	2	2	1	0	0	0	0	0
38	chr10:37774001-40640101	SBS3	2	2	26	2	0	0	0	0
39	chr10:40640102-41877515	SBS3	3	1	1	0	0	0	0	0
40	chr10:41883941-45611075	SBS1	2	2	0	1	0	0	0	0
41	chr10:41883941-45611075	SBS13	2	2	1	2	0	0	0	0
42	chr10:41883941-45611075	SBS2	2	2	1	0	0	0	0	0
43	chr10:41883941-45611075	SBS3	2	2	7	2	0	0	0	0
44	chr10:45611185-47820000	SBS1	2	2	0	2	0	0	0	0
45	chr10:45611185-47820000	SBS3	2	2	4	5	0	0	0	0
46	chr10:47820001-51119541	SBS3	2	0	3	2	0	0	0	0
47	chr10:51119590-79641233	SBS1	2	0	2	1	0	0	0	0
48	chr10:51119590-79641233	SBS13	2	0	1	3	0	0	0	0
49	chr10:51119590-79641233	SBS2	2	0	6	3	0	0	0	0
50	chr10:51119590-79641233	SBS3	2	0	35	8	0	0	0	0
51	chr10:7873291-13128553	SBS1	2	1	1	2	0	0	0	0
52	chr10:7873291-13128553	SBS13	2	1	3	2	0	0	0	0
53	chr10:7873291-13128553	SBS2	2	1	0	1	0	0	0	0
54	chr10:7873291-13128553	SBS3	2	1	13	5	0	0	0	0
55	chr10:79648530-87747282	SBS13	2	0	0	1	0	0	0	0
56	chr10:79648530-87747282	SBS2	2	0	1	1	0	0	0	0
57	chr10:79648530-87747282	SBS3	2	0	13	2	0	0	0	0
58	chr10:87864920-95248898	SBS1	2	0	1	0	0	0	0	0
59	chr10:87864920-95248898	SBS2	2	0	1	0	0	0	0	0
60	chr10:87864920-95248898	SBS3	2	0	14	4	0	0	0	0
61	chr10:95248937-97983823	SBS2	2	0	2	0	0	0	0	0
62	chr10:95248937-97983823	SBS3	2	0	2	0	0	0	0	0
63	chr10:98002907-122228463	SBS1	2	0	0	1	0	0	0	0
64	chr10:98002907-122228463	SBS13	2	0	2	1	0	0	0	0
65	chr10:98002907-122228463	SBS2	2	0	3	2	0	0	0	0
66	chr10:98002907-122228463	SBS3	2	0	28	6	0	0	0	0
67	chr11:1-2178302	SBS1	2	2	2	1	0	0	0	0
68	chr11:1-2178302	SBS13	2	2	0	1	0	0	0	0
69	chr11:1-2178302	SBS2	2	2	0	1	0	0	0	0
70	chr11:1-2178302	SBS3	2	2	9	9	0	0	0	0
71	chr11:105623999-133173282	SBS1	1	0	5	0	0	0	0	0
72	chr11:105623999-133173282	SBS13	1	0	7	0	0	0	0	0
73	chr11:105623999-133173282	SBS2	1	0	5	0	0	0	0	0
74	chr11:105623999-133173282	SBS3	1	0	48	0	0	0	0	0
75	chr11:133173315-135086622	SBS1	1	0	1	0	0	0	0	0
76	chr11:133173315-135086622	SBS2	1	0	1	0	0	0	0	0
77	chr11:133173315-135086622	SBS3	1	0	7	0	0	0	0	0
78	chr11:18782699-25554252	SBS13	2	2	3	1	0	0	0	0
79	chr11:18782699-25554252	SBS2	2	2	1	1	0	0	0	0
80	chr11:18782699-25554252	SBS3	2	2	11	9	0	0	0	0
81	chr11:2179900-3520540	SBS2	2	2	2	0	0	0	0	0
82	chr11:2179900-3520540	SBS3	2	2	7	5	0	0	0	0
83	chr11:25554365-25988306	SBS2	2	2	0	1	0	0	0	0
84	chr11:25554365-25988306	SBS3	2	2	2	3	0	0	0	0
85	chr11:25989719-27254244	SBS3	2	2	1	5	0	0	0	0
86	chr11:27254301-37171498	SBS1	2	2	3	3	0	0	0	0
87	chr11:27254301-37171498	SBS13	2	2	2	3	0	0	0	0
88	chr11:27254301-37171498	SBS2	2	2	0	1	0	0	0	0
89	chr11:27254301-37171498	SBS3	2	2	15	19	0	0	0	0
90	chr11:3520588-9418000	SBS1	2	1	0	2	0	0	0	0
91	chr11:3520588-9418000	SBS13	2	1	3	1	0	0	0	0
92	chr11:3520588-9418000	SBS2	2	1	1	0	0	0	0	0
93	chr11:3520588-9418000	SBS3	2	1	14	6	0	0	0	0
94	chr11:37171499-41236557	SBS13	2	1	2	0	0	0	0	0
95	chr11:37171499-41236557	SBS3	2	1	13	4	0	0	0	0
96	chr11:41236603-45056135	SBS1	2	1	2	1	0	0	0	0
97	chr11:41236603-45056135	SBS2	2	1	1	0	0	0	0	0
98	chr11:41236603-45056135	SBS3	2	1	3	6	0	0	0	0
99	chr11:45056300-45949485	SBS1	2	1	0	1	0	0	0	0
100	chr11:45056300-45949485	SBS3	2	1	4	1	0	0	0	0
101	chr11:45961190-52751710	SBS1	2	1	1	0	0	0	0	0
102	chr11:45961190-52751710	SBS13	2	1	2	1	0	0	0	0
103	chr11:45961190-52751710	SBS2	2	1	4	0	0	0	0	0
104	chr11:45961190-52751710	SBS3	2	1	29	4	0	0	0	0
105	chr11:52751711-58861853	SBS13	2	2	0	1	0	0	0	0
106	chr11:52751711-58861853	SBS2	2	2	1	2	0	0	0	0
107	chr11:52751711-58861853	SBS3	2	2	5	6	0	0	0	0
108	chr11:58861854-69616354	SBS1	2	1	6	0	0	0	0	0
109	chr11:58861854-69616354	SBS13	2	1	3	4	0	0	0	0
110	chr11:58861854-69616354	SBS2	2	1	2	1	0	0	0	0
111	chr11:58861854-69616354	SBS3	2	1	24	9	0	0	0	0
112	chr11:69616374-94255109	SBS1	1	1	3	0	0	0	0	0
113	chr11:69616374-94255109	SBS13	1	1	11	0	0	0	0	0
114	chr11:69616374-94255109	SBS2	1	1	9	0	0	0	0	0
115	chr11:69616374-94255109	SBS3	1	1	48	0	0	0	0	0
116	chr11:9418001-18782666	SBS1	2	2	1	1	0	0	0	0
117	chr11:9418001-18782666	SBS13	2	2	3	3	0	0	0	0
118	chr11:9418001-18782666	SBS2	2	2	2	1	0	0	0	0
119	chr11:9418001-18782666	SBS3	2	2	21	24	0	0	0	0
120	chr11:94255147-97833049	SBS13	1	1	1	0	0	0	0	0
121	chr11:94255147-97833049	SBS2	1	1	4	0	0	0	0	0
122	chr11:94255147-97833049	SBS3	1	1	8	0	0	0	0	0
123	chr11:98124731-105623998	SBS1	1	1	1	0	0	0	0	0
124	chr11:98124731-105623998	SBS13	1	1	7	0	0	0	0	0
125	chr11:98124731-105623998	SBS2	1	1	4	0	0	0	0	0
126	chr11:98124731-105623998	SBS3	1	1	19	0	0	0	0	0
127	chr12:1-11857620	SBS1	2	0	1	0	0	0	0	0
128	chr12:1-11857620	SBS13	2	0	2	1	0	0	0	0
129	chr12:1-11857620	SBS2	2	0	3	1	0	0	0	0
130	chr12:1-11857620	SBS3	2	0	33	3	0	0	0	0
131	chr12:11864985-26122174	SBS1	2	0	0	1	0	0	0	0
132	chr12:11864985-26122174	SBS13	2	0	1	1	0	0	0	0
133	chr12:11864985-26122174	SBS2	2	0	2	1	0	0	0	0
134	chr12:11864985-26122174	SBS3	2	0	21	3	0	0	0	0
135	chr12:126191126-132985529	SBS1	2	0	2	1	0	0	0	0
136	chr12:126191126-132985529	SBS13	2	0	2	1	0	0	0	0
137	chr12:126191126-132985529	SBS2	2	0	1	0	0	0	0	0
138	chr12:126191126-132985529	SBS3	2	0	16	4	0	0	0	0
139	chr12:132988712-133275309	SBS3	2	0	1	0	0	0	0	0
140	chr12:26126887-35977329	SBS1	2	0	0	1	0	0	0	0
141	chr12:26126887-35977329	SBS13	2	0	3	0	0	0	0	0
142	chr12:26126887-35977329	SBS2	2	0	2	0	0	0	0	0
143	chr12:26126887-35977329	SBS3	2	0	21	4	0	0	0	0
144	chr12:35977330-44566943	SBS13	2	0	2	0	0	0	0	0
145	chr12:35977330-44566943	SBS2	2	0	1	0	0	0	0	0
146	chr12:35977330-44566943	SBS3	2	0	20	2	0	0	0	0
147	chr12:44736929-49000069	SBS13	2	0	2	1	0	0	0	0
148	chr12:44736929-49000069	SBS2	2	0	1	0	0	0	0	0
149	chr12:44736929-49000069	SBS3	2	0	4	2	0	0	0	0
150	chr12:49010185-126191091	SBS1	2	0	4	2	0	0	0	0
151	chr12:49010185-126191091	SBS13	2	0	17	6	0	0	0	0
152	chr12:49010185-126191091	SBS2	2	0	13	3	0	0	0	0
153	chr12:49010185-126191091	SBS3	2	0	144	23	0	0	0	0
154	chr13:102118001-102521195	SBS2	6	0	1	0	0	0	0	0
155	chr13:102118001-102521195	SBS3	6	0	1	0	1	0	0	0
156	chr13:102521228-113506732	SBS1	6	0	1	3	0	0	1	0
157	chr13:102521228-113506732	SBS13	6	0	3	2	2	1	1	0
158	chr13:102521228-113506732	SBS2	6	0	3	3	0	0	1	0
159	chr13:102521228-113506732	SBS3	6	0	7	14	10	5	2	1
160	chr13:113507344-114364328	SBS1	6	0	1	1	0	0	0	0
161	chr13:113507344-114364328	SBS2	6	0	0	0	0	1	0	0
162	chr13:113507344-114364328	SBS3	6	0	0	2	1	0	0	1
163	chr13:17025624-19713163	SBS13	2	0	1	0	0	0	0	0
164	chr13:17025624-19713163	SBS2	2	0	1	0	0	0	0	0
165	chr13:17025624-19713163	SBS3	2	0	11	0	0	0	0	0
166	chr13:19713299-33636586	SBS1	2	0	1	2	0	0	0	0
167	chr13:19713299-33636586	SBS13	2	0	3	5	0	0	0	0
168	chr13:19713299-33636586	SBS2	2	0	3	0	0	0	0	0
169	chr13:19713299-33636586	SBS3	2	0	26	5	0	0	0	0
170	chr13:33639758-43176509	SBS13	3	0	3	0	1	0	0	0
171	chr13:33639758-43176509	SBS2	3	0	0	1	0	0	0	0
172	chr13:33639758-43176509	SBS3	3	0	10	3	3	0	0	0
173	chr13:43176711-43176726	SBS3	3	0	1	0	0	0	0	0
174	chr13:43176727-50670997	SBS13	3	0	1	1	0	0	0	0
175	chr13:43176727-50670997	SBS2	3	0	1	2	1	0	0	0
176	chr13:43176727-50670997	SBS3	3	0	7	4	1	0	0	0
177	chr13:50671009-52700617	SBS13	3	0	0	1	0	0	0	0
178	chr13:50671009-52700617	SBS2	3	0	1	0	0	0	0	0
179	chr13:50671009-52700617	SBS3	3	0	1	1	0	0	0	0
180	chr13:52700836-63227509	SBS3	3	0	6	2	1	0	0	0
181	chr13:63245374-72953964	SBS1	3	0	1	0	1	0	0	0
182	chr13:63245374-72953964	SBS13	3	0	1	0	0	0	0	0
183	chr13:63245374-72953964	SBS3	3	0	11	5	4	0	0	0
184	chr13:72956673-80223227	SBS1	3	0	1	1	0	0	0	0
185	chr13:72956673-80223227	SBS13	3	0	0	1	0	0	0	0
186	chr13:72956673-80223227	SBS3	3	0	6	4	2	0	0	0
187	chr13:80223263-83038833	SBS13	3	0	0	1	1	0	0	0
188	chr13:80223263-83038833	SBS3	3	0	2	1	1	0	0	0
189	chr13:83039659-87011103	SBS13	5	0	0	2	0	0	1	0
190	chr13:83039659-87011103	SBS2	5	0	0	0	1	0	0	0
191	chr13:83039659-87011103	SBS3	5	0	1	6	1	0	2	0
192	chr13:87012578-89815081	SBS13	5	0	1	2	0	0	0	0
193	chr13:87012578-89815081	SBS2	5	0	2	0	0	0	0	0
194	chr13:87012578-89815081	SBS3	5	0	3	7	0	1	1	0
195	chr13:89815369-102118000	SBS1	5	0	2	2	1	0	0	0
196	chr13:89815369-102118000	SBS13	5	0	1	3	1	0	0	0
197	chr13:89815369-102118000	SBS2	5	0	4	2	3	0	0	0
198	chr13:89815369-102118000	SBS3	5	0	30	25	6	0	3	0
199	chr14:17086762-19906038	SBS13	2	1	0	1	0	0	0	0
200	chr14:17086762-19906038	SBS3	2	1	2	0	0	0	0	0
201	chr14:19906075-22065000	SBS1	2	1	1	0	0	0	0	0
202	chr14:19906075-22065000	SBS13	2	1	1	1	0	0	0	0
203	chr14:19906075-22065000	SBS3	2	1	4	4	0	0	0	0
204	chr14:22065001-22519000	SBS3	2	1	2	0	0	0	0	0
205	chr14:22519001-28238000	SBS13	2	1	1	0	0	0	0	0
206	chr14:22519001-28238000	SBS3	2	1	11	5	0	0	0	0
207	chr14:28238001-36521033	SBS1	2	1	2	0	0	0	0	0
208	chr14:28238001-36521033	SBS13	2	1	1	0	0	0	0	0
209	chr14:28238001-36521033	SBS3	2	1	18	7	0	0	0	0
210	chr14:36521034-55784952	SBS1	1	0	2	0	0	0	0	0
211	chr14:36521034-55784952	SBS13	1	0	5	0	0	0	0	0
212	chr14:36521034-55784952	SBS2	1	0	3	0	0	0	0	0
213	chr14:36521034-55784952	SBS3	1	0	27	0	0	0	0	0
214	chr14:55784990-96770364	SBS1	1	0	9	0	0	0	0	0
215	chr14:55784990-96770364	SBS13	1	0	13	0	0	0	0	0
216	chr14:55784990-96770364	SBS2	1	0	9	0	0	0	0	0
217	chr14:55784990-96770364	SBS3	1	0	62	0	0	0	0	0
218	chr14:96770545-107043718	SBS1	2	0	5	0	0	0	0	0
219	chr14:96770545-107043718	SBS13	2	0	4	4	0	0	0	0
220	chr14:96770545-107043718	SBS2	2	0	7	0	0	0	0	0
221	chr14:96770545-107043718	SBS3	2	0	18	7	0	0	0	0
222	chr15:1-18362626	SBS3	1	1	2	0	0	0	0	0
223	chr15:100057506-101193493	SBS3	2	1	2	2	0	0	0	0
224	chr15:101193527-101991189	SBS3	2	1	2	0	0	0	0	0
225	chr15:18362627-44547396	SBS1	1	1	6	0	0	0	0	0
226	chr15:18362627-44547396	SBS13	1	1	8	0	0	0	0	0
227	chr15:18362627-44547396	SBS2	1	1	4	0	0	0	0	0
228	chr15:18362627-44547396	SBS3	1	1	56	0	0	0	0	0
229	chr15:44547469-53865941	SBS1	1	1	2	0	0	0	0	0
230	chr15:44547469-53865941	SBS13	1	1	1	0	0	0	0	0
231	chr15:44547469-53865941	SBS2	1	1	3	0	0	0	0	0
232	chr15:44547469-53865941	SBS3	1	1	19	0	0	0	0	0
233	chr15:53867606-60908335	SBS1	1	1	1	0	0	0	0	0
234	chr15:53867606-60908335	SBS13	1	1	4	0	0	0	0	0
235	chr15:53867606-60908335	SBS2	1	1	4	0	0	0	0	0
236	chr15:53867606-60908335	SBS3	1	1	20	0	0	0	0	0
237	chr15:60908482-62979341	SBS13	1	1	1	0	0	0	0	0
238	chr15:60908482-62979341	SBS3	1	1	4	0	0	0	0	0
239	chr15:62979414-67976705	SBS13	1	1	2	0	0	0	0	0
240	chr15:62979414-67976705	SBS2	1	1	4	0	0	0	0	0
241	chr15:62979414-67976705	SBS3	1	1	14	0	0	0	0	0
242	chr15:67976757-75779000	SBS2	1	1	5	0	0	0	0	0
243	chr15:67976757-75779000	SBS3	1	1	8	0	0	0	0	0
244	chr15:75779001-89330822	SBS13	2	1	7	2	0	0	0	0
245	chr15:75779001-89330822	SBS2	2	1	2	1	0	0	0	0
246	chr15:75779001-89330822	SBS3	2	1	20	6	0	0	0	0
247	chr15:89330833-98081069	SBS13	2	1	1	1	0	0	0	0
248	chr15:89330833-98081069	SBS2	2	1	1	0	0	0	0	0
249	chr15:89330833-98081069	SBS3	2	1	13	7	0	0	0	0
250	chr15:98081245-100057496	SBS1	2	1	0	1	0	0	0	0
251	chr15:98081245-100057496	SBS2	2	1	0	1	0	0	0	0
252	chr15:98081245-100057496	SBS3	2	1	9	5	0	0	0	0
253	chr16:1-22092749	SBS1	3	0	2	1	1	0	0	0
254	chr16:1-22092749	SBS13	3	0	3	1	1	0	0	0
255	chr16:1-22092749	SBS2	3	0	4	2	0	0	0	0
256	chr16:1-22092749	SBS3	3	0	39	16	6	0	0	0
257	chr16:22097014-30407019	SBS1	3	0	4	0	1	0	0	0
258	chr16:22097014-30407019	SBS13	3	0	0	2	0	0	0	0
259	chr16:22097014-30407019	SBS2	3	0	1	1	0	0	0	0
260	chr16:22097014-30407019	SBS3	3	0	9	5	4	0	0	0
261	chr16:30407020-30415876	SBS3	1	0	1	0	0	0	0	0
262	chr16:30415877-34956822	SBS1	3	0	2	0	0	0	0	0
263	chr16:30415877-34956822	SBS2	3	0	1	0	0	0	0	0
264	chr16:30415877-34956822	SBS3	3	0	11	1	0	0	0	0
265	chr16:34956823-37295919	SBS2	3	0	2	0	0	0	0	0
266	chr16:34956823-37295919	SBS3	3	0	13	0	0	0	0	0
267	chr17:1-12349159	SBS1	2	0	5	3	0	0	0	0
268	chr17:1-12349159	SBS13	2	0	3	4	0	0	0	0
269	chr17:1-12349159	SBS2	2	0	4	0	0	0	0	0
270	chr17:1-12349159	SBS3	2	0	17	5	0	0	0	0
271	chr17:12416513-24849829	SBS1	2	0	5	1	0	0	0	0
272	chr17:12416513-24849829	SBS13	2	0	6	1	0	0	0	0
273	chr17:12416513-24849829	SBS2	2	0	0	1	0	0	0	0
274	chr17:12416513-24849829	SBS3	2	0	31	9	0	0	0	0
275	chr17:24849830-28568359	SBS13	2	0	1	0	0	0	0	0
276	chr17:24849830-28568359	SBS2	2	0	2	0	0	0	0	0
277	chr17:24849830-28568359	SBS3	2	0	10	0	0	0	0	0
278	chr17:28570042-46933541	SBS1	2	0	4	2	0	0	0	0
279	chr17:28570042-46933541	SBS13	2	0	6	1	0	0	0	0
280	chr17:28570042-46933541	SBS2	2	0	3	1	0	0	0	0
281	chr17:28570042-46933541	SBS3	2	0	31	10	0	0	0	0
282	chr17:46933581-76574500	SBS1	2	0	7	1	0	0	0	0
283	chr17:46933581-76574500	SBS13	2	0	8	3	0	0	0	0
284	chr17:46933581-76574500	SBS2	2	0	3	1	0	0	0	0
285	chr17:46933581-76574500	SBS3	2	0	53	13	0	0	0	0
286	chr17:76574501-78172356	SBS3	1	0	3	0	0	0	0	0
287	chr17:78172399-83257441	SBS1	1	0	1	0	0	0	0	0
288	chr17:78172399-83257441	SBS13	1	0	1	0	0	0	0	0
289	chr17:78172399-83257441	SBS2	1	0	1	0	0	0	0	0
290	chr17:78172399-83257441	SBS3	1	0	6	0	0	0	0	0
291	chr18:1-5347194	SBS1	2	1	2	1	0	0	0	0
292	chr18:1-5347194	SBS13	2	1	2	1	0	0	0	0
293	chr18:1-5347194	SBS3	2	1	18	4	0	0	0	0
294	chr18:12934156-18161052	SBS1	2	1	1	0	0	0	0	0
295	chr18:12934156-18161052	SBS13	2	1	1	0	0	0	0	0
296	chr18:12934156-18161052	SBS2	2	1	0	2	0	0	0	0
297	chr18:12934156-18161052	SBS3	2	1	13	0	0	0	0	0
298	chr18:18161053-27887331	SBS1	2	1	2	1	0	0	0	0
299	chr18:18161053-27887331	SBS13	2	1	4	2	0	0	0	0
300	chr18:18161053-27887331	SBS3	2	1	27	5	0	0	0	0
301	chr18:27887366-30182871	SBS2	2	2	2	1	0	0	0	0
302	chr18:27887366-30182871	SBS3	2	2	2	6	0	0	0	0
303	chr18:30182872-35926978	SBS13	2	1	1	1	0	0	0	0
304	chr18:30182872-35926978	SBS2	2	1	3	0	0	0	0	0
305	chr18:30182872-35926978	SBS3	2	1	11	4	0	0	0	0
306	chr18:35926979-49023391	SBS1	1	1	1	0	0	0	0	0
307	chr18:35926979-49023391	SBS13	1	1	3	0	0	0	0	0
308	chr18:35926979-49023391	SBS2	1	1	2	0	0	0	0	0
309	chr18:35926979-49023391	SBS3	1	1	30	0	0	0	0	0
310	chr18:49023392-49713473	SBS1	2	1	0	1	0	0	0	0
311	chr18:49023392-49713473	SBS2	2	1	0	1	0	0	0	0
312	chr18:49728833-61952894	SBS13	2	1	6	4	0	0	0	0
313	chr18:49728833-61952894	SBS2	2	1	3	2	0	0	0	0
314	chr18:49728833-61952894	SBS3	2	1	24	14	0	0	0	0
315	chr18:5724337-8552167	SBS1	2	1	2	0	0	0	0	0
316	chr18:5724337-8552167	SBS13	2	1	1	0	0	0	0	0
317	chr18:5724337-8552167	SBS3	2	1	7	3	0	0	0	0
318	chr18:61952930-64329388	SBS1	2	1	1	0	0	0	0	0
319	chr18:61952930-64329388	SBS3	2	1	4	0	0	0	0	0
320	chr18:64330935-67448202	SBS1	2	1	1	1	0	0	0	0
321	chr18:64330935-67448202	SBS2	2	1	1	0	0	0	0	0
322	chr18:64330935-67448202	SBS3	2	1	8	2	0	0	0	0
323	chr18:67448203-80373285	SBS1	2	0	1	4	0	0	0	0
324	chr18:67448203-80373285	SBS13	2	0	5	2	0	0	0	0
325	chr18:67448203-80373285	SBS2	2	0	5	4	0	0	0	0
326	chr18:67448203-80373285	SBS3	2	0	25	3	0	0	0	0
327	chr18:8552201-12934121	SBS1	2	1	1	0	0	0	0	0
328	chr18:8552201-12934121	SBS13	2	1	1	0	0	0	0	0
329	chr18:8552201-12934121	SBS2	2	1	0	3	0	0	0	0
330	chr18:8552201-12934121	SBS3	2	1	7	2	0	0	0	0
331	chr19:1-1658777	SBS1	2	1	1	0	0	0	0	0
332	chr19:1-1658777	SBS13	2	1	1	0	0	0	0	0
333	chr19:1-1658777	SBS3	2	1	2	0	0	0	0	0
334	chr19:1658778-2427940	SBS2	1	1	1	0	0	0	0	0
335	chr19:1658778-2427940	SBS3	1	1	2	0	0	0	0	0
336	chr19:2427941-4628366	SBS2	2	1	1	0	0	0	0	0
337	chr19:2427941-4628366	SBS3	2	1	9	2	0	0	0	0
338	chr19:25844927-32584653	SBS1	2	0	3	2	0	0	0	0
339	chr19:25844927-32584653	SBS13	2	0	1	0	0	0	0	0
340	chr19:25844927-32584653	SBS2	2	0	1	0	0	0	0	0
341	chr19:25844927-32584653	SBS3	2	0	17	4	0	0	0	0
342	chr19:32584710-58617616	SBS1	2	0	6	0	0	0	0	0
343	chr19:32584710-58617616	SBS13	2	0	14	1	0	0	0	0
344	chr19:32584710-58617616	SBS2	2	0	8	1	0	0	0	0
345	chr19:32584710-58617616	SBS3	2	0	59	15	0	0	0	0
346	chr19:4628367-4630919	SBS3	2	1	1	0	0	0	0	0
347	chr19:4630920-25844926	SBS1	2	1	6	2	0	0	0	0
348	chr19:4630920-25844926	SBS13	2	1	13	2	0	0	0	0
349	chr19:4630920-25844926	SBS2	2	1	4	1	0	0	0	0
350	chr19:4630920-25844926	SBS3	2	1	89	17	0	0	0	0
351	chr1:1-19471867	SBS1	1	1	7	0	0	0	0	0
352	chr1:1-19471867	SBS13	1	1	6	0	0	0	0	0
353	chr1:1-19471867	SBS2	1	1	5	0	0	0	0	0
354	chr1:1-19471867	SBS3	1	1	49	0	0	0	0	0
355	chr1:123605523-147049701	SBS1	3	1	0	1	0	0	0	0
356	chr1:123605523-147049701	SBS13	3	1	2	0	0	0	0	0
357	chr1:123605523-147049701	SBS2	3	1	2	0	0	0	0	0
358	chr1:123605523-147049701	SBS3	3	1	13	3	2	0	0	0
359	chr1:147049791-158171045	SBS1	3	1	5	0	1	0	0	0
360	chr1:147049791-158171045	SBS13	3	1	1	2	2	0	0	0
361	chr1:147049791-158171045	SBS2	3	1	0	0	1	0	0	0
362	chr1:147049791-158171045	SBS3	3	1	17	9	6	0	0	0
363	chr1:158172857-195555423	SBS1	3	1	3	2	1	0	0	0
364	chr1:158172857-195555423	SBS13	3	1	12	6	5	0	0	0
365	chr1:158172857-195555423	SBS2	3	1	5	5	6	0	0	0
366	chr1:158172857-195555423	SBS3	3	1	54	36	20	0	0	0
367	chr1:19471923-36585859	SBS1	1	1	7	0	0	0	0	0
368	chr1:19471923-36585859	SBS13	1	1	8	0	0	0	0	0
369	chr1:19471923-36585859	SBS2	1	1	6	0	0	0	0	0
370	chr1:19471923-36585859	SBS3	1	1	47	0	0	0	0	0
371	chr1:195556116-200583740	SBS1	3	1	1	1	0	0	0	0
372	chr1:195556116-200583740	SBS13	3	1	1	1	0	0	0	0
373	chr1:195556116-200583740	SBS3	3	1	8	6	5	0	0	0
374	chr1:200596522-202012894	SBS2	3	1	0	1	0	0	0	0
375	chr1:200596522-202012894	SBS3	3	1	2	0	2	0	0	0
376	chr1:202013967-202885508	SBS1	3	1	0	1	0	0	0	0
377	chr1:202013967-202885508	SBS13	3	1	0	0	1	0	0	0
378	chr1:202013967-202885508	SBS3	3	1	1	0	0	0	0	0
379	chr1:202885509-205856268	SBS1	3	0	1	0	0	0	0	0
380	chr1:202885509-205856268	SBS13	3	0	1	1	0	0	0	0
381	chr1:202885509-205856268	SBS3	3	0	6	3	1	0	0	0
382	chr1:205856302-215179411	SBS1	3	0	1	0	0	0	0	0
383	chr1:205856302-215179411	SBS13	3	0	0	2	1	0	0	0
384	chr1:205856302-215179411	SBS3	3	0	8	7	5	0	0	0
385	chr1:215179412-234040442	SBS1	3	1	2	0	0	0	0	0
386	chr1:215179412-234040442	SBS13	3	1	4	2	4	0	0	0
387	chr1:215179412-234040442	SBS2	3	1	1	1	2	0	0	0
388	chr1:215179412-234040442	SBS3	3	1	21	14	10	0	0	0
389	chr1:234040527-242287898	SBS1	3	1	1	1	1	0	0	0
390	chr1:234040527-242287898	SBS13	3	1	2	3	4	0	0	0
391	chr1:234040527-242287898	SBS2	3	1	4	0	0	0	0	0
392	chr1:234040527-242287898	SBS3	3	1	12	12	9	0	0	0
393	chr1:242287934-247716699	SBS1	3	1	1	0	0	0	0	0
394	chr1:242287934-247716699	SBS13	3	1	0	1	1	0	0	0
395	chr1:242287934-247716699	SBS2	3	1	0	1	2	0	0	0
396	chr1:242287934-247716699	SBS3	3	1	10	5	4	0	0	0
397	chr1:247716712-248956422	SBS13	3	1	0	1	1	0	0	0
398	chr1:247716712-248956422	SBS3	3	1	1	2	1	0	0	0
399	chr1:36585897-48464188	SBS13	1	1	5	0	0	0	0	0
400	chr1:36585897-48464188	SBS2	1	1	8	0	0	0	0	0
401	chr1:36585897-48464188	SBS3	1	1	26	0	0	0	0	0
402	chr1:48464229-54489673	SBS2	1	1	3	0	0	0	0	0
403	chr1:48464229-54489673	SBS3	1	1	8	0	0	0	0	0
404	chr1:54489940-67636764	SBS13	1	1	7	0	0	0	0	0
405	chr1:54489940-67636764	SBS2	1	1	2	0	0	0	0	0
406	chr1:54489940-67636764	SBS3	1	1	30	0	0	0	0	0
407	chr1:67636765-67645387	SBS3	1	0	2	0	0	0	0	0
408	chr1:67645388-77738948	SBS1	1	1	2	0	0	0	0	0
409	chr1:67645388-77738948	SBS13	1	1	7	0	0	0	0	0
410	chr1:67645388-77738948	SBS2	1	1	15	0	0	0	0	0
411	chr1:67645388-77738948	SBS3	1	1	32	0	0	0	0	0
412	chr1:77739304-78812571	SBS2	1	1	1	0	0	0	0	0
413	chr1:77739304-78812571	SBS3	1	1	2	0	0	0	0	0
414	chr1:78813351-80358688	SBS2	1	1	1	0	0	0	0	0
415	chr1:78813351-80358688	SBS3	1	1	3	0	0	0	0	0
416	chr1:80358735-98561154	SBS1	1	1	5	0	0	0	0	0
417	chr1:80358735-98561154	SBS13	1	1	6	0	0	0	0	0
418	chr1:80358735-98561154	SBS2	1	1	4	0	0	0	0	0
419	chr1:80358735-98561154	SBS3	1	1	28	0	0	0	0	0
420	chr1:98561233-123605522	SBS1	1	1	1	0	0	0	0	0
421	chr1:98561233-123605522	SBS13	1	1	8	0	0	0	0	0
422	chr1:98561233-123605522	SBS2	1	1	4	0	0	0	0	0
423	chr1:98561233-123605522	SBS3	1	1	55	0	0	0	0	0
424	chr20:1-8664546	SBS1	2	1	0	2	0	0	0	0
425	chr20:1-8664546	SBS13	2	1	0	1	0	0	0	0
426	chr20:1-8664546	SBS2	2	1	2	0	0	0	0	0
427	chr20:1-8664546	SBS3	2	1	12	8	0	0	0	0
428	chr20:14472469-17029000	SBS13	2	2	0	1	0	0	0	0
429	chr20:14472469-17029000	SBS2	2	2	1	0	0	0	0	0
430	chr20:14472469-17029000	SBS3	2	2	5	4	0	0	0	0
431	chr20:17029001-17740335	SBS2	2	1	1	0	0	0	0	0
432	chr20:17029001-17740335	SBS3	2	1	3	0	0	0	0	0
433	chr20:17777074-23127479	SBS1	2	1	1	2	0	0	0	0
434	chr20:17777074-23127479	SBS13	2	1	3	2	0	0	0	0
435	chr20:17777074-23127479	SBS2	2	1	1	0	0	0	0	0
436	chr20:17777074-23127479	SBS3	2	1	9	13	0	0	0	0
437	chr20:23127534-25608486	SBS13	2	1	0	2	0	0	0	0
438	chr20:23127534-25608486	SBS2	2	1	0	1	0	0	0	0
439	chr20:23127534-25608486	SBS3	2	1	4	2	0	0	0	0
440	chr20:25608524-28237289	SBS1	2	1	1	0	0	0	0	0
441	chr20:25608524-28237289	SBS13	2	1	2	0	0	0	0	0
442	chr20:25608524-28237289	SBS2	2	1	2	1	0	0	0	0
443	chr20:25608524-28237289	SBS3	2	1	9	2	0	0	0	0
444	chr20:28237290-37350034	SBS1	2	1	11	1	0	0	0	0
445	chr20:28237290-37350034	SBS13	2	1	4	1	0	0	0	0
446	chr20:28237290-37350034	SBS2	2	1	1	0	0	0	0	0
447	chr20:28237290-37350034	SBS3	2	1	84	9	0	0	0	0
448	chr20:37350069-38711838	SBS13	2	1	1	0	0	0	0	0
449	chr20:37350069-38711838	SBS3	2	1	2	0	0	0	0	0
450	chr20:38711882-40390930	SBS13	2	1	1	0	0	0	0	0
451	chr20:38711882-40390930	SBS2	2	1	1	0	0	0	0	0
452	chr20:38711882-40390930	SBS3	2	1	3	1	0	0	0	0
453	chr20:40394304-44946000	SBS1	2	1	2	0	0	0	0	0
454	chr20:40394304-44946000	SBS13	2	1	2	0	0	0	0	0
455	chr20:40394304-44946000	SBS2	2	1	2	1	0	0	0	0
456	chr20:40394304-44946000	SBS3	2	1	9	5	0	0	0	0
457	chr20:44946001-53009000	SBS1	3	1	1	0	0	0	0	0
458	chr20:44946001-53009000	SBS13	3	1	2	2	1	0	0	0
459	chr20:44946001-53009000	SBS2	3	1	0	0	2	0	0	0
460	chr20:44946001-53009000	SBS3	3	1	15	11	13	0	0	0
461	chr20:53009001-60801165	SBS1	2	1	3	0	0	0	0	0
462	chr20:53009001-60801165	SBS13	2	1	4	0	0	0	0	0
463	chr20:53009001-60801165	SBS3	2	1	19	12	0	0	0	0
464	chr20:60801203-64444167	SBS1	2	1	2	0	0	0	0	0
465	chr20:60801203-64444167	SBS13	2	1	1	0	0	0	0	0
466	chr20:60801203-64444167	SBS2	2	1	0	1	0	0	0	0
467	chr20:60801203-64444167	SBS3	2	1	4	5	0	0	0	0
468	chr20:8664547-9791868	SBS13	2	1	1	0	0	0	0	0
469	chr20:8664547-9791868	SBS3	2	1	4	1	0	0	0	0
470	chr20:9793041-14471199	SBS1	2	2	2	0	0	0	0	0
471	chr20:9793041-14471199	SBS13	2	2	2	1	0	0	0	0
472	chr20:9793041-14471199	SBS3	2	2	7	7	0	0	0	0
473	chr21:1-11890183	SBS13	2	1	1	0	0	0	0	0
474	chr21:1-11890183	SBS3	2	1	8	0	0	0	0	0
475	chr21:11890184-18681544	SBS1	2	1	1	0	0	0	0	0
476	chr21:11890184-18681544	SBS13	2	1	3	1	0	0	0	0
477	chr21:11890184-18681544	SBS2	2	1	1	0	0	0	0	0
478	chr21:11890184-18681544	SBS3	2	1	17	6	0	0	0	0
479	chr21:18681578-19467000	SBS1	2	1	0	1	0	0	0	0
480	chr21:18681578-19467000	SBS13	2	1	0	1	0	0	0	0
481	chr21:18681578-19467000	SBS2	2	1	1	0	0	0	0	0
482	chr21:18681578-19467000	SBS3	2	1	1	3	0	0	0	0
483	chr21:19467001-27393558	SBS1	1	1	3	0	0	0	0	0
484	chr21:19467001-27393558	SBS13	1	1	5	0	0	0	0	0
485	chr21:19467001-27393558	SBS2	1	1	2	0	0	0	0	0
486	chr21:19467001-27393558	SBS3	1	1	16	0	0	0	0	0
487	chr21:27393573-32772305	SBS13	1	1	5	0	0	0	0	0
488	chr21:27393573-32772305	SBS2	1	1	3	0	0	0	0	0
489	chr21:27393573-32772305	SBS3	1	1	10	0	0	0	0	0
490	chr21:32772884-36790000	SBS13	1	1	1	0	0	0	0	0
491	chr21:32772884-36790000	SBS3	1	1	5	0	0	0	0	0
492	chr21:36790001-41645460	SBS13	2	1	1	3	0	0	0	0
493	chr21:36790001-41645460	SBS2	2	1	2	0	0	0	0	0
494	chr21:36790001-41645460	SBS3	2	1	5	5	0	0	0	0
495	chr21:41645741-46709983	SBS1	2	1	0	3	0	0	0	0
496	chr21:41645741-46709983	SBS13	2	1	2	0	0	0	0	0
497	chr21:41645741-46709983	SBS2	2	1	0	1	0	0	0	0
498	chr21:41645741-46709983	SBS3	2	1	7	6	0	0	0	0
499	chr22:1-14004552	SBS1	1	1	3	0	0	0	0	0
500	chr22:1-14004552	SBS13	1	1	1	0	0	0	0	0
501	chr22:1-14004552	SBS3	1	1	34	0	0	0	0	0
502	chr22:14004553-20339000	SBS1	1	1	3	0	0	0	0	0
503	chr22:14004553-20339000	SBS13	1	1	1	0	0	0	0	0
504	chr22:14004553-20339000	SBS2	1	1	1	0	0	0	0	0
505	chr22:14004553-20339000	SBS3	1	1	13	0	0	0	0	0
506	chr22:20339001-22985699	SBS1	2	1	1	0	0	0	0	0
507	chr22:20339001-22985699	SBS2	2	1	2	0	0	0	0	0
508	chr22:20339001-22985699	SBS3	2	1	6	4	0	0	0	0
509	chr22:22985733-26082000	SBS13	2	1	1	0	0	0	0	0
510	chr22:22985733-26082000	SBS2	2	1	1	0	0	0	0	0
511	chr22:22985733-26082000	SBS3	2	1	10	2	0	0	0	0
512	chr22:26082001-27132349	SBS2	3	1	0	3	1	0	0	0
513	chr22:26082001-27132349	SBS3	3	1	1	1	0	0	0	0
514	chr22:27132499-27173495	SBS1	3	1	1	0	0	0	0	0
515	chr22:27132499-27173495	SBS13	3	1	13	7	1	0	0	0
516	chr22:27132499-27173495	SBS2	3	1	2	1	0	0	0	0
517	chr22:27132499-27173495	SBS3	3	1	12	4	0	0	0	0
518	chr22:27173496-27174171	SBS13	3	1	1	0	0	0	0	0
519	chr22:27173496-27174171	SBS3	3	1	3	0	0	0	0	0
520	chr22:27174172-28669841	SBS3	2	1	4	2	0	0	0	0
521	chr22:28669886-30445000	SBS13	2	1	2	0	0	0	0	0
522	chr22:28669886-30445000	SBS2	2	1	1	0	0	0	0	0
523	chr22:28669886-30445000	SBS3	2	1	3	2	0	0	0	0
524	chr22:30445001-30753500	SBS13	3	1	7	7	0	0	0	0
525	chr22:30445001-30753500	SBS2	3	1	0	1	0	0	0	0
526	chr22:30445001-30753500	SBS3	3	1	2	2	0	0	0	0
527	chr22:30766358-31406000	SBS1	3	1	0	0	1	0	0	0
528	chr22:30766358-31406000	SBS3	3	1	3	0	1	0	0	0
529	chr22:31406001-34031728	SBS2	2	1	2	0	0	0	0	0
530	chr22:31406001-34031728	SBS3	2	1	14	4	0	0	0	0
531	chr22:34031729-34059475	SBS3	3	1	1	0	0	0	0	0
532	chr22:34059476-35165997	SBS13	2	1	2	1	0	0	0	0
533	chr22:34059476-35165997	SBS3	2	1	0	2	0	0	0	0
534	chr22:35166113-36391753	SBS3	2	1	4	2	0	0	0	0
535	chr22:36392747-37425500	SBS13	2	1	1	0	0	0	0	0
536	chr22:36392747-37425500	SBS3	2	1	1	0	0	0	0	0
537	chr22:37425501-37690542	SBS13	3	1	0	1	1	0	0	0
538	chr22:37690543-44627893	SBS1	2	1	2	1	0	0	0	0
539	chr22:37690543-44627893	SBS13	2	1	4	1	0	0	0	0
540	chr22:37690543-44627893	SBS2	2	1	0	1	0	0	0	0
541	chr22:37690543-44627893	SBS3	2	1	21	7	0	0	0	0
542	chr22:44628046-48283607	SBS1	2	1	1	0	0	0	0	0
543	chr22:44628046-48283607	SBS13	2	1	2	0	0	0	0	0
544	chr22:44628046-48283607	SBS2	2	1	1	0	0	0	0	0
545	chr22:44628046-48283607	SBS3	2	1	7	7	0	0	0	0
546	chr22:48283608-50818468	SBS1	3	1	0	2	2	0	0	0
547	chr22:48283608-50818468	SBS13	3	1	1	0	0	0	0	0
548	chr22:48283608-50818468	SBS2	3	1	1	0	0	0	0	0
549	chr22:48283608-50818468	SBS3	3	1	5	4	0	0	0	0
550	chr2:1-2898680	SBS1	2	1	1	1	0	0	0	0
551	chr2:1-2898680	SBS13	2	1	0	1	0	0	0	0
552	chr2:1-2898680	SBS2	2	1	1	1	0	0	0	0
553	chr2:1-2898680	SBS3	2	1	1	2	0	0	0	0
554	chr2:108111938-122464105	SBS1	2	0	1	1	0	0	0	0
555	chr2:108111938-122464105	SBS2	2	0	2	0	0	0	0	0
556	chr2:108111938-122464105	SBS3	2	0	10	10	0	0	0	0
557	chr2:122464433-166577627	SBS1	2	0	2	6	0	0	0	0
558	chr2:122464433-166577627	SBS13	2	0	9	2	0	0	0	0
559	chr2:122464433-166577627	SBS2	2	0	5	6	0	0	0	0
560	chr2:122464433-166577627	SBS3	2	0	71	16	0	0	0	0
561	chr2:166577678-170557819	SBS13	2	0	1	0	0	0	0	0
562	chr2:166577678-170557819	SBS2	2	0	1	0	0	0	0	0
563	chr2:166577678-170557819	SBS3	2	0	7	1	0	0	0	0
564	chr2:170557872-176893059	SBS1	2	0	1	0	0	0	0	0
565	chr2:170557872-176893059	SBS13	2	0	1	1	0	0	0	0
566	chr2:170557872-176893059	SBS2	2	0	1	0	0	0	0	0
567	chr2:170557872-176893059	SBS3	2	0	10	1	0	0	0	0
568	chr2:176893166-187748378	SBS1	2	0	2	0	0	0	0	0
569	chr2:176893166-187748378	SBS13	2	0	1	0	0	0	0	0
570	chr2:176893166-187748378	SBS2	2	0	1	0	0	0	0	0
571	chr2:176893166-187748378	SBS3	2	0	17	3	0	0	0	0
572	chr2:187748396-208973043	SBS1	2	0	6	1	0	0	0	0
573	chr2:187748396-208973043	SBS13	2	0	7	0	0	0	0	0
574	chr2:187748396-208973043	SBS2	2	0	2	3	0	0	0	0
575	chr2:187748396-208973043	SBS3	2	0	20	6	0	0	0	0
576	chr2:208974051-234509979	SBS1	2	0	2	0	0	0	0	0
577	chr2:208974051-234509979	SBS13	2	0	6	1	0	0	0	0
578	chr2:208974051-234509979	SBS2	2	0	4	0	0	0	0	0
579	chr2:208974051-234509979	SBS3	2	0	35	8	0	0	0	0
580	chr2:234903188-242193529	SBS1	2	0	2	0	0	0	0	0
581	chr2:234903188-242193529	SBS13	2	0	1	0	0	0	0	0
582	chr2:234903188-242193529	SBS2	2	0	0	1	0	0	0	0
583	chr2:234903188-242193529	SBS3	2	0	20	0	0	0	0	0
584	chr2:26323808-26496006	SBS13	2	1	1	0	0	0	0	0
585	chr2:26496832-30680621	SBS1	2	1	3	0	0	0	0	0
586	chr2:26496832-30680621	SBS13	2	1	0	2	0	0	0	0
587	chr2:26496832-30680621	SBS2	2	1	1	0	0	0	0	0
588	chr2:26496832-30680621	SBS3	2	1	8	4	0	0	0	0
589	chr2:2898899-26323792	SBS1	2	1	3	3	0	0	0	0
590	chr2:2898899-26323792	SBS13	2	1	7	3	0	0	0	0
591	chr2:2898899-26323792	SBS2	2	1	6	0	0	0	0	0
592	chr2:2898899-26323792	SBS3	2	1	59	20	0	0	0	0
593	chr2:30680622-31255000	SBS3	2	2	2	0	0	0	0	0
594	chr2:31255001-42849878	SBS1	2	1	1	0	0	0	0	0
595	chr2:31255001-42849878	SBS13	2	1	8	1	0	0	0	0
596	chr2:31255001-42849878	SBS2	2	1	3	1	0	0	0	0
597	chr2:31255001-42849878	SBS3	2	1	24	15	0	0	0	0
598	chr2:42853222-61739569	SBS1	2	1	3	1	0	0	0	0
599	chr2:42853222-61739569	SBS13	2	1	6	5	0	0	0	0
600	chr2:42853222-61739569	SBS2	2	1	5	3	0	0	0	0
601	chr2:42853222-61739569	SBS3	2	1	25	11	0	0	0	0
602	chr2:61739662-79166000	SBS1	2	1	3	4	0	0	0	0
603	chr2:61739662-79166000	SBS13	2	1	10	4	0	0	0	0
604	chr2:61739662-79166000	SBS2	2	1	8	4	0	0	0	0
605	chr2:61739662-79166000	SBS3	2	1	31	21	0	0	0	0
606	chr2:79166001-82102822	SBS13	2	2	1	2	0	0	0	0
607	chr2:79166001-82102822	SBS3	2	2	7	5	0	0	0	0
608	chr2:82102865-93139350	SBS1	2	2	4	3	0	0	0	0
609	chr2:82102865-93139350	SBS13	2	2	3	4	0	0	0	0
610	chr2:82102865-93139350	SBS2	2	2	3	1	0	0	0	0
611	chr2:82102865-93139350	SBS3	2	2	23	14	0	0	0	0
612	chr2:93139351-108111904	SBS1	2	0	6	1	0	0	0	0
613	chr2:93139351-108111904	SBS13	2	0	6	2	0	0	0	0
614	chr2:93139351-108111904	SBS2	2	0	4	0	0	0	0	0
615	chr2:93139351-108111904	SBS3	2	0	36	3	0	0	0	0
616	chr3:1-35836000	SBS1	1	0	1	0	0	0	0	0
617	chr3:1-35836000	SBS13	1	0	7	0	0	0	0	0
618	chr3:1-35836000	SBS2	1	0	2	0	0	0	0	0
619	chr3:1-35836000	SBS3	1	0	39	0	0	0	0	0
620	chr3:104433480-111160000	SBS2	2	0	2	0	0	0	0	0
621	chr3:104433480-111160000	SBS3	2	0	9	2	0	0	0	0
622	chr3:111160001-112877410	SBS2	3	0	1	0	0	0	0	0
623	chr3:111160001-112877410	SBS3	3	0	2	1	0	0	0	0
624	chr3:112877458-134628710	SBS1	3	0	1	0	1	0	0	0
625	chr3:112877458-134628710	SBS13	3	0	9	2	2	0	0	0
626	chr3:112877458-134628710	SBS2	3	0	5	2	0	0	0	0
627	chr3:112877458-134628710	SBS3	3	0	39	13	8	0	0	0
628	chr3:134628711-134634334	SBS2	1	0	1	0	0	0	0	0
629	chr3:134628711-134634334	SBS3	1	0	1	0	0	0	0	0
630	chr3:134634335-139925212	SBS1	3	0	0	1	0	0	0	0
631	chr3:134634335-139925212	SBS13	3	0	3	0	0	0	0	0
632	chr3:134634335-139925212	SBS2	3	0	0	1	0	0	0	0
633	chr3:134634335-139925212	SBS3	3	0	7	5	2	0	0	0
634	chr3:139925321-143967000	SBS1	3	0	0	0	1	0	0	0
635	chr3:139925321-143967000	SBS3	3	0	4	2	3	0	0	0
636	chr3:144406001-147018000	SBS3	3	0	1	2	1	0	0	0
637	chr3:147018001-148777721	SBS1	3	0	0	0	1	0	0	0
638	chr3:147018001-148777721	SBS13	3	0	0	1	0	0	0	0
639	chr3:147018001-148777721	SBS3	3	0	4	0	2	0	0	0
640	chr3:149082003-157542594	SBS1	3	0	2	0	0	0	0	0
641	chr3:149082003-157542594	SBS13	3	0	5	0	1	0	0	0
642	chr3:149082003-157542594	SBS2	3	0	1	0	0	0	0	0
643	chr3:149082003-157542594	SBS3	3	0	18	3	4	0	0	0
644	chr3:157542615-157944033	SBS13	3	0	0	0	3	0	0	0
645	chr3:157542615-157944033	SBS2	3	0	0	0	3	0	0	0
646	chr3:157542615-157944033	SBS3	3	0	0	0	1	0	0	0
647	chr3:158055830-158148017	SBS3	4	0	0	1	0	0	0	0
648	chr3:158148018-169769585	SBS13	3	0	6	2	1	0	0	0
649	chr3:158148018-169769585	SBS2	3	0	1	0	2	0	0	0
650	chr3:158148018-169769585	SBS3	3	0	17	5	6	0	0	0
651	chr3:169769638-174886000	SBS13	3	0	4	0	0	0	0	0
652	chr3:169769638-174886000	SBS2	3	0	4	1	1	0	0	0
653	chr3:169769638-174886000	SBS3	3	0	8	1	2	0	0	0
654	chr3:174886001-182844213	SBS1	4	0	2	0	0	0	0	0
655	chr3:174886001-182844213	SBS13	4	0	4	4	1	1	0	0
656	chr3:174886001-182844213	SBS2	4	0	1	1	2	1	0	0
657	chr3:174886001-182844213	SBS3	4	0	12	3	3	4	0	0
658	chr3:182844277-186788357	SBS1	4	0	0	0	0	1	0	0
659	chr3:182844277-186788357	SBS13	4	0	2	0	0	0	0	0
660	chr3:182844277-186788357	SBS2	4	0	0	1	0	0	0	0
661	chr3:182844277-186788357	SBS3	4	0	6	4	0	0	0	0
662	chr3:186788531-188337915	SBS2	4	0	0	1	0	0	0	0
663	chr3:186788531-188337915	SBS3	4	0	5	0	1	0	0	0
664	chr3:188338096-193219000	SBS13	4	0	0	1	0	0	0	0
665	chr3:188338096-193219000	SBS2	4	0	2	2	0	0	0	0
666	chr3:188338096-193219000	SBS3	4	0	7	1	0	2	0	0
667	chr3:193219001-196484966	SBS1	4	0	1	0	0	0	0	0
668	chr3:193219001-196484966	SBS13	4	0	3	1	0	1	0	0
669	chr3:193219001-196484966	SBS2	4	0	1	1	0	0	0	0
670	chr3:193219001-196484966	SBS3	4	0	7	3	1	1	0	0
671	chr3:196485070-198295559	SBS13	4	0	0	1	0	0	0	0
672	chr3:196485070-198295559	SBS3	4	0	4	0	0	0	0	0
673	chr3:35836001-65898463	SBS1	2	0	2	1	0	0	0	0
674	chr3:35836001-65898463	SBS13	2	0	12	1	0	0	0	0
675	chr3:35836001-65898463	SBS2	2	0	5	1	0	0	0	0
676	chr3:35836001-65898463	SBS3	2	0	48	9	0	0	0	0
677	chr3:65900750-92214015	SBS1	2	0	6	1	0	0	0	0
678	chr3:65900750-92214015	SBS13	2	0	13	2	0	0	0	0
679	chr3:65900750-92214015	SBS2	2	0	6	3	0	0	0	0
680	chr3:65900750-92214015	SBS3	2	0	118	10	0	0	0	0
681	chr3:92214016-104433443	SBS1	2	0	3	1	0	0	0	0
682	chr3:92214016-104433443	SBS13	2	0	7	1	0	0	0	0
683	chr3:92214016-104433443	SBS2	2	0	1	2	0	0	0	0
684	chr3:92214016-104433443	SBS3	2	0	14	5	0	0	0	0
685	chr4:1-50726025	SBS1	1	0	8	0	0	0	0	0
686	chr4:1-50726025	SBS13	1	0	8	0	0	0	0	0
687	chr4:1-50726025	SBS2	1	0	4	0	0	0	0	0
688	chr4:1-50726025	SBS3	1	0	68	0	0	0	0	0
689	chr4:115229131-151798758	SBS1	2	0	4	0	0	0	0	0
690	chr4:115229131-151798758	SBS13	2	0	10	2	0	0	0	0
691	chr4:115229131-151798758	SBS2	2	0	8	3	0	0	0	0
692	chr4:115229131-151798758	SBS3	2	0	40	27	0	0	0	0
693	chr4:151798761-152249000	SBS3	2	0	1	0	0	0	0	0
694	chr4:152249001-160712414	SBS13	1	0	1	0	0	0	0	0
695	chr4:152249001-160712414	SBS2	1	0	2	0	0	0	0	0
696	chr4:152249001-160712414	SBS3	1	0	6	0	0	0	0	0
697	chr4:160712456-190214555	SBS1	1	0	4	0	0	0	0	0
698	chr4:160712456-190214555	SBS13	1	0	6	0	0	0	0	0
699	chr4:160712456-190214555	SBS2	1	0	6	0	0	0	0	0
700	chr4:160712456-190214555	SBS3	1	0	50	0	0	0	0	0
701	chr4:50726026-89986000	SBS1	1	0	5	0	0	0	0	0
702	chr4:50726026-89986000	SBS13	1	0	7	0	0	0	0	0
703	chr4:50726026-89986000	SBS2	1	0	7	0	0	0	0	0
704	chr4:50726026-89986000	SBS3	1	0	47	0	0	0	0	0
705	chr4:89986001-93654891	SBS13	2	0	1	0	0	0	0	0
706	chr4:89986001-93654891	SBS2	2	0	2	0	0	0	0	0
707	chr4:89986001-93654891	SBS3	2	0	9	2	0	0	0	0
708	chr4:93654992-115228717	SBS1	2	0	1	2	0	0	0	0
709	chr4:93654992-115228717	SBS13	2	0	6	2	0	0	0	0
710	chr4:93654992-115228717	SBS2	2	0	1	3	0	0	0	0
711	chr4:93654992-115228717	SBS3	2	0	29	10	0	0	0	0
712	chr5:1-8842000	SBS1	2	1	1	1	0	0	0	0
713	chr5:1-8842000	SBS13	2	1	6	2	0	0	0	0
714	chr5:1-8842000	SBS2	2	1	1	0	0	0	0	0
715	chr5:1-8842000	SBS3	2	1	22	11	0	0	0	0
716	chr5:111578001-128174689	SBS13	2	0	8	1	0	0	0	0
717	chr5:111578001-128174689	SBS2	2	0	5	0	0	0	0	0
718	chr5:111578001-128174689	SBS3	2	0	25	10	0	0	0	0
719	chr5:128175150-131741249	SBS1	2	0	0	1	0	0	0	0
720	chr5:128175150-131741249	SBS13	2	0	2	1	0	0	0	0
721	chr5:128175150-131741249	SBS3	2	0	5	4	0	0	0	0
722	chr5:131765909-135443590	SBS1	2	0	0	1	0	0	0	0
723	chr5:131765909-135443590	SBS13	2	0	2	0	0	0	0	0
724	chr5:131765909-135443590	SBS2	2	0	1	0	0	0	0	0
725	chr5:131765909-135443590	SBS3	2	0	7	1	0	0	0	0
726	chr5:135509807-146100394	SBS13	2	0	3	0	0	0	0	0
727	chr5:135509807-146100394	SBS3	2	0	15	5	0	0	0	0
728	chr5:146100440-151128839	SBS1	2	0	1	0	0	0	0	0
729	chr5:146100440-151128839	SBS13	2	0	3	1	0	0	0	0
730	chr5:146100440-151128839	SBS2	2	0	2	1	0	0	0	0
731	chr5:146100440-151128839	SBS3	2	0	10	1	0	0	0	0
732	chr5:151135489-166845746	SBS13	2	0	6	2	0	0	0	0
733	chr5:151135489-166845746	SBS2	2	0	0	1	0	0	0	0
734	chr5:151135489-166845746	SBS3	2	0	26	5	0	0	0	0
735	chr5:166846234-179730175	SBS1	2	0	1	1	0	0	0	0
736	chr5:166846234-179730175	SBS13	2	0	1	0	0	0	0	0
737	chr5:166846234-179730175	SBS2	2	0	3	2	0	0	0	0
738	chr5:166846234-179730175	SBS3	2	0	9	10	0	0	0	0
739	chr5:179730316-180587420	SBS3	2	0	1	0	0	0	0	0
740	chr5:180587454-180592371	SBS3	1	0	1	0	0	0	0	0
741	chr5:180600145-180608793	SBS13	2	0	2	0	0	0	0	0
742	chr5:180600145-180608793	SBS3	2	0	1	0	0	0	0	0
743	chr5:180645373-181027716	SBS3	2	0	4	0	0	0	0	0
744	chr5:181028066-181538259	SBS13	2	0	1	0	0	0	0	0
745	chr5:29927279-44643000	SBS1	1	1	3	0	0	0	0	0
746	chr5:29927279-44643000	SBS13	1	1	13	0	0	0	0	0
747	chr5:29927279-44643000	SBS2	1	1	2	0	0	0	0	0
748	chr5:29927279-44643000	SBS3	1	1	40	0	0	0	0	0
749	chr5:44643001-48272853	SBS13	2	1	1	0	0	0	0	0
750	chr5:44643001-48272853	SBS2	2	1	2	0	0	0	0	0
751	chr5:44643001-48272853	SBS3	2	1	5	2	0	0	0	0
752	chr5:48272854-111578000	SBS1	1	0	6	0	0	0	0	0
753	chr5:48272854-111578000	SBS13	1	0	16	0	0	0	0	0
754	chr5:48272854-111578000	SBS2	1	0	7	0	0	0	0	0
755	chr5:48272854-111578000	SBS3	1	0	61	0	0	0	0	0
756	chr5:8842001-29926572	SBS1	1	1	6	0	0	0	0	0
757	chr5:8842001-29926572	SBS13	1	1	4	0	0	0	0	0
758	chr5:8842001-29926572	SBS2	1	1	5	0	0	0	0	0
759	chr5:8842001-29926572	SBS3	1	1	79	0	0	0	0	0
760	chr6:102903532-107147686	SBS13	1	1	1	0	0	0	0	0
761	chr6:102903532-107147686	SBS2	1	1	1	0	0	0	0	0
762	chr6:102903532-107147686	SBS3	1	1	1	0	0	0	0	0
763	chr6:107170906-116149966	SBS1	1	1	1	0	0	0	0	0
764	chr6:107170906-116149966	SBS13	1	1	5	0	0	0	0	0
765	chr6:107170906-116149966	SBS2	1	1	1	0	0	0	0	0
766	chr6:107170906-116149966	SBS3	1	1	19	0	0	0	0	0
767	chr6:116149967-135247166	SBS1	2	1	0	2	0	0	0	0
768	chr6:116149967-135247166	SBS13	2	1	7	2	0	0	0	0
769	chr6:116149967-135247166	SBS2	2	1	3	3	0	0	0	0
770	chr6:116149967-135247166	SBS3	2	1	29	17	0	0	0	0
771	chr6:135247167-142110263	SBS1	2	1	1	0	0	0	0	0
772	chr6:135247167-142110263	SBS13	2	1	1	1	0	0	0	0
773	chr6:135247167-142110263	SBS2	2	1	2	2	0	0	0	0
774	chr6:135247167-142110263	SBS3	2	1	14	9	0	0	0	0
775	chr6:142110300-162806890	SBS1	2	1	5	1	0	0	0	0
776	chr6:142110300-162806890	SBS13	2	1	12	3	0	0	0	0
777	chr6:142110300-162806890	SBS2	2	1	4	3	0	0	0	0
778	chr6:142110300-162806890	SBS3	2	1	45	20	0	0	0	0
779	chr6:162806891-170805979	SBS1	3	1	2	1	1	0	0	0
780	chr6:162806891-170805979	SBS13	3	1	3	2	1	0	0	0
781	chr6:162806891-170805979	SBS2	3	1	2	4	0	0	0	0
782	chr6:162806891-170805979	SBS3	3	1	17	9	2	0	0	0
783	chr6:59191911-62300287	SBS13	2	1	1	0	0	0	0	0
784	chr6:59191911-62300287	SBS3	2	1	29	3	0	0	0	0
785	chr6:62302526-67639644	SBS1	2	1	1	0	0	0	0	0
786	chr6:62302526-67639644	SBS13	2	1	1	2	0	0	0	0
787	chr6:62302526-67639644	SBS2	2	1	1	1	0	0	0	0
788	chr6:62302526-67639644	SBS3	2	1	14	5	0	0	0	0
789	chr6:67641902-68768863	SBS13	2	1	1	0	0	0	0	0
790	chr6:67641902-68768863	SBS3	2	1	2	3	0	0	0	0
791	chr6:68768899-102903531	SBS1	2	1	4	1	0	0	0	0
792	chr6:68768899-102903531	SBS13	2	1	12	5	0	0	0	0
793	chr6:68768899-102903531	SBS2	2	1	2	1	0	0	0	0
794	chr6:68768899-102903531	SBS3	2	1	67	26	0	0	0	0
795	chr7:1-1410275	SBS1	4	1	1	0	0	0	0	0
796	chr7:1-1410275	SBS13	4	1	1	2	0	0	0	0
797	chr7:1-1410275	SBS2	4	1	1	0	0	0	0	0
798	chr7:1-1410275	SBS3	4	1	7	3	0	0	0	0
799	chr7:121958095-127872593	SBS1	1	0	1	0	0	0	0	0
800	chr7:121958095-127872593	SBS13	1	0	5	0	0	0	0	0
801	chr7:121958095-127872593	SBS3	1	0	13	0	0	0	0	0
802	chr7:127879004-130184039	SBS1	1	0	2	0	0	0	0	0
803	chr7:127879004-130184039	SBS3	1	0	2	0	0	0	0	0
804	chr7:130184040-131845768	SBS13	2	0	2	1	0	0	0	0
805	chr7:130184040-131845768	SBS2	2	0	2	0	0	0	0	0
806	chr7:130184040-131845768	SBS3	2	0	8	1	0	0	0	0
807	chr7:131845805-141524872	SBS1	2	0	0	1	0	0	0	0
808	chr7:131845805-141524872	SBS13	2	0	1	0	0	0	0	0
809	chr7:131845805-141524872	SBS3	2	0	10	4	0	0	0	0
810	chr7:141525396-159345973	SBS1	1	0	8	0	0	0	0	0
811	chr7:141525396-159345973	SBS13	1	0	3	0	0	0	0	0
812	chr7:141525396-159345973	SBS2	1	0	1	0	0	0	0	0
813	chr7:141525396-159345973	SBS3	1	0	35	0	0	0	0	0
814	chr7:1423454-9909717	SBS1	4	1	0	1	0	1	0	0
815	chr7:1423454-9909717	SBS13	4	1	1	0	1	1	0	0
816	chr7:1423454-9909717	SBS2	4	1	1	0	0	1	0	0
817	chr7:1423454-9909717	SBS3	4	1	13	7	0	6	0	0
818	chr7:16863293-28587064	SBS1	3	1	2	1	0	0	0	0
819	chr7:16863293-28587064	SBS13	3	1	0	2	2	0	0	0
820	chr7:16863293-28587064	SBS2	3	1	2	1	1	0	0	0
821	chr7:16863293-28587064	SBS3	3	1	17	6	4	0	0	0
822	chr7:28587121-39240243	SBS1	3	1	1	0	2	0	0	0
823	chr7:28587121-39240243	SBS13	3	1	1	1	3	0	0	0
824	chr7:28587121-39240243	SBS2	3	1	1	1	2	0	0	0
825	chr7:28587121-39240243	SBS3	3	1	17	17	7	0	0	0
826	chr7:39240462-41903987	SBS1	3	1	0	1	0	0	0	0
827	chr7:39240462-41903987	SBS13	3	1	1	1	4	0	0	0
828	chr7:39240462-41903987	SBS3	3	1	1	2	5	0	0	0
829	chr7:41904700-52961617	SBS1	3	1	2	1	0	0	0	0
830	chr7:41904700-52961617	SBS13	3	1	1	0	3	0	0	0
831	chr7:41904700-52961617	SBS2	3	1	1	0	2	0	0	0
832	chr7:41904700-52961617	SBS3	3	1	17	10	9	0	0	0
833	chr7:52962090-53461445	SBS2	3	1	0	1	0	0	0	0
834	chr7:52962090-53461445	SBS3	3	1	1	2	1	0	0	0
835	chr7:53461446-55222985	SBS1	5	1	0	0	0	1	0	0
836	chr7:53461446-55222985	SBS13	5	1	0	2	0	0	0	0
837	chr7:53461446-55222985	SBS3	5	1	2	4	1	3	3	0
838	chr7:55223119-59498943	SBS1	5	1	0	0	0	0	1	0
839	chr7:55223119-59498943	SBS13	5	1	2	1	0	0	0	0
840	chr7:55223119-59498943	SBS2	5	1	2	0	0	0	1	0
841	chr7:55223119-59498943	SBS3	5	1	24	7	2	0	1	0
842	chr7:59498944-62644000	SBS1	1	1	4	0	0	0	0	0
843	chr7:59498944-62644000	SBS13	1	1	4	0	0	0	0	0
844	chr7:59498944-62644000	SBS2	1	1	5	0	0	0	0	0
845	chr7:59498944-62644000	SBS3	1	1	41	0	0	0	0	0
846	chr7:62644001-65782720	SBS1	2	1	0	1	0	0	0	0
847	chr7:62644001-65782720	SBS13	2	1	2	0	0	0	0	0
848	chr7:62644001-65782720	SBS3	2	1	21	5	0	0	0	0
849	chr7:65782721-121956970	SBS1	1	0	6	0	0	0	0	0
850	chr7:65782721-121956970	SBS13	1	0	6	0	0	0	0	0
851	chr7:65782721-121956970	SBS2	1	0	5	0	0	0	0	0
852	chr7:65782721-121956970	SBS3	1	0	93	0	0	0	0	0
853	chr7:9909763-16863292	SBS13	4	1	2	5	0	2	0	0
854	chr7:9909763-16863292	SBS2	4	1	0	2	0	0	0	0
855	chr7:9909763-16863292	SBS3	4	1	8	6	0	3	0	0
856	chr8:1-1860216	SBS13	2	2	1	1	0	0	0	0
857	chr8:1-1860216	SBS2	2	2	1	1	0	0	0	0
858	chr8:1-1860216	SBS3	2	2	7	3	0	0	0	0
859	chr8:104353030-106514547	SBS2	3	2	1	1	0	0	0	0
860	chr8:104353030-106514547	SBS3	3	2	8	7	3	0	0	0
861	chr8:106514892-107380785	SBS1	3	2	0	0	1	0	0	0
862	chr8:107387789-115407616	SBS1	2	2	1	3	0	0	0	0
863	chr8:107387789-115407616	SBS13	2	2	7	1	0	0	0	0
864	chr8:107387789-115407616	SBS2	2	2	2	1	0	0	0	0
865	chr8:107387789-115407616	SBS3	2	2	24	10	0	0	0	0
866	chr8:115407632-123968163	SBS13	2	1	4	1	0	0	0	0
867	chr8:115407632-123968163	SBS2	2	1	4	2	0	0	0	0
868	chr8:115407632-123968163	SBS3	2	1	19	12	0	0	0	0
869	chr8:123968259-140556571	SBS1	2	1	3	1	0	0	0	0
870	chr8:123968259-140556571	SBS13	2	1	9	0	0	0	0	0
871	chr8:123968259-140556571	SBS2	2	1	9	2	0	0	0	0
872	chr8:123968259-140556571	SBS3	2	1	43	11	0	0	0	0
873	chr8:13968320-16595084	SBS13	2	2	1	1	0	0	0	0
874	chr8:13968320-16595084	SBS2	2	2	1	0	0	0	0	0
875	chr8:13968320-16595084	SBS3	2	2	8	4	0	0	0	0
876	chr8:140556572-140560833	SBS1	3	2	0	1	0	0	0	0
877	chr8:140560834-143397775	SBS1	2	1	2	0	0	0	0	0
878	chr8:140560834-143397775	SBS2	2	1	1	0	0	0	0	0
879	chr8:140560834-143397775	SBS3	2	1	4	3	0	0	0	0
880	chr8:143398003-145138636	SBS1	2	1	1	0	0	0	0	0
881	chr8:143398003-145138636	SBS13	2	1	1	0	0	0	0	0
882	chr8:143398003-145138636	SBS3	2	1	11	1	0	0	0	0
883	chr8:16595120-24775498	SBS1	2	2	0	2	0	0	0	0
884	chr8:16595120-24775498	SBS13	2	2	0	5	0	0	0	0
885	chr8:16595120-24775498	SBS2	2	2	3	2	0	0	0	0
886	chr8:16595120-24775498	SBS3	2	2	10	15	0	0	0	0
887	chr8:1861714-8319202	SBS1	2	2	0	1	0	0	0	0
888	chr8:1861714-8319202	SBS13	2	2	4	2	0	0	0	0
889	chr8:1861714-8319202	SBS2	2	2	1	3	0	0	0	0
890	chr8:1861714-8319202	SBS3	2	2	19	11	0	0	0	0
891	chr8:24784291-25478687	SBS3	2	2	0	5	0	0	0	0
892	chr8:25478949-42190315	SBS1	2	2	1	2	0	0	0	0
893	chr8:25478949-42190315	SBS13	2	2	10	4	0	0	0	0
894	chr8:25478949-42190315	SBS2	2	2	6	5	0	0	0	0
895	chr8:25478949-42190315	SBS3	2	2	36	44	0	0	0	0
896	chr8:42190361-43154328	SBS1	2	2	1	1	0	0	0	0
897	chr8:42190361-43154328	SBS2	2	2	0	1	0	0	0	0
898	chr8:43155118-44955504	SBS1	2	2	1	0	0	0	0	0
899	chr8:43155118-44955504	SBS13	2	2	0	1	0	0	0	0
900	chr8:44955505-51016459	SBS3	2	2	8	4	0	0	0	0
901	chr8:51016511-56422892	SBS13	2	2	1	5	0	0	0	0
902	chr8:51016511-56422892	SBS2	2	2	3	1	0	0	0	0
903	chr8:51016511-56422892	SBS3	2	2	11	14	0	0	0	0
904	chr8:56422917-63839771	SBS1	2	1	0	1	0	0	0	0
905	chr8:56422917-63839771	SBS13	2	1	4	1	0	0	0	0
906	chr8:56422917-63839771	SBS2	2	1	2	1	0	0	0	0
907	chr8:56422917-63839771	SBS3	2	1	18	3	0	0	0	0
908	chr8:63841072-71883641	SBS1	2	1	2	1	0	0	0	0
909	chr8:63841072-71883641	SBS13	2	1	1	1	0	0	0	0
910	chr8:63841072-71883641	SBS2	2	1	5	1	0	0	0	0
911	chr8:63841072-71883641	SBS3	2	1	24	6	0	0	0	0
912	chr8:71907932-73308428	SBS13	2	1	1	1	0	0	0	0
913	chr8:71907932-73308428	SBS2	2	1	0	2	0	0	0	0
914	chr8:71907932-73308428	SBS3	2	1	1	1	0	0	0	0
915	chr8:73318278-74008692	SBS3	2	1	1	0	0	0	0	0
916	chr8:74008693-74679063	SBS13	2	2	0	2	0	0	0	0
917	chr8:74679064-74724736	SBS3	3	2	2	0	0	0	0	0
918	chr8:74724737-74998000	SBS13	2	2	1	0	0	0	0	0
919	chr8:74724737-74998000	SBS3	2	2	1	1	0	0	0	0
920	chr8:74998001-75822831	SBS3	2	1	3	1	0	0	0	0
921	chr8:75822832-77294682	SBS1	2	2	1	0	0	0	0	0
922	chr8:75822832-77294682	SBS2	2	2	0	1	0	0	0	0
923	chr8:75822832-77294682	SBS3	2	2	2	2	0	0	0	0
924	chr8:77294683-81409785	SBS13	2	1	0	1	0	0	0	0
925	chr8:77294683-81409785	SBS2	2	1	1	2	0	0	0	0
926	chr8:77294683-81409785	SBS3	2	1	4	5	0	0	0	0
927	chr8:81721045-82011582	SBS3	2	2	0	1	0	0	0	0
928	chr8:82011585-82609504	SBS2	2	2	0	1	0	0	0	0
929	chr8:82011585-82609504	SBS3	2	2	0	1	0	0	0	0
930	chr8:82609505-88977860	SBS1	2	1	1	1	0	0	0	0
931	chr8:82609505-88977860	SBS13	2	1	1	1	0	0	0	0
932	chr8:82609505-88977860	SBS2	2	1	2	0	0	0	0	0
933	chr8:82609505-88977860	SBS3	2	1	14	8	0	0	0	0
934	chr8:8323245-13932605	SBS1	2	2	2	0	0	0	0	0
935	chr8:8323245-13932605	SBS13	2	2	1	2	0	0	0	0
936	chr8:8323245-13932605	SBS2	2	2	3	3	0	0	0	0
937	chr8:8323245-13932605	SBS3	2	2	16	9	0	0	0	0
938	chr8:88977861-89017476	SBS3	2	2	0	1	0	0	0	0
939	chr8:89017477-90590944	SBS1	2	1	1	0	0	0	0	0
940	chr8:89017477-90590944	SBS13	2	1	1	1	0	0	0	0
941	chr8:90591053-92213687	SBS1	2	1	1	0	0	0	0	0
942	chr8:90591053-92213687	SBS3	2	1	2	2	0	0	0	0
943	chr8:92213688-93598627	SBS13	2	2	2	1	0	0	0	0
944	chr8:92213688-93598627	SBS2	2	2	0	1	0	0	0	0
945	chr8:92213688-93598627	SBS3	2	2	3	2	0	0	0	0
946	chr8:93598628-94968396	SBS13	2	1	1	0	0	0	0	0
947	chr8:93598628-94968396	SBS3	2	1	2	0	0	0	0	0
948	chr8:95585191-96260000	SBS13	2	1	1	0	0	0	0	0
949	chr8:95585191-96260000	SBS2	2	1	1	0	0	0	0	0
950	chr8:95585191-96260000	SBS3	2	1	2	0	0	0	0	0
951	chr8:96311736-104353029	SBS1	3	2	0	0	1	0	0	0
952	chr8:96311736-104353029	SBS13	3	2	4	3	2	0	0	0
953	chr8:96311736-104353029	SBS2	3	2	3	2	1	0	0	0
954	chr8:96311736-104353029	SBS3	3	2	19	10	2	0	0	0
955	chr9:1-12759405	SBS1	2	2	3	2	0	0	0	0
956	chr9:1-12759405	SBS13	2	2	5	4	0	0	0	0
957	chr9:1-12759405	SBS2	2	2	2	3	0	0	0	0
958	chr9:1-12759405	SBS3	2	2	16	20	0	0	0	0
959	chr9:104951736-112405376	SBS13	2	0	2	1	0	0	0	0
960	chr9:104951736-112405376	SBS3	2	0	4	2	0	0	0	0
961	chr9:112405415-122957609	SBS13	2	0	4	1	0	0	0	0
962	chr9:112405415-122957609	SBS2	2	0	2	0	0	0	0	0
963	chr9:112405415-122957609	SBS3	2	0	19	4	0	0	0	0
964	chr9:122957653-138394717	SBS1	2	0	2	0	0	0	0	0
965	chr9:122957653-138394717	SBS13	2	0	8	0	0	0	0	0
966	chr9:122957653-138394717	SBS2	2	0	2	0	0	0	0	0
967	chr9:122957653-138394717	SBS3	2	0	30	2	0	0	0	0
968	chr9:12827058-16973359	SBS1	2	2	1	0	0	0	0	0
969	chr9:12827058-16973359	SBS13	2	2	1	1	0	0	0	0
970	chr9:12827058-16973359	SBS2	2	2	0	3	0	0	0	0
971	chr9:12827058-16973359	SBS3	2	2	4	7	0	0	0	0
972	chr9:16973677-20208000	SBS1	2	2	0	1	0	0	0	0
973	chr9:16973677-20208000	SBS13	2	2	0	6	0	0	0	0
974	chr9:16973677-20208000	SBS3	2	2	2	8	0	0	0	0
975	chr9:20208001-27337000	SBS1	2	1	0	1	0	0	0	0
976	chr9:20208001-27337000	SBS13	2	1	2	0	0	0	0	0
977	chr9:20208001-27337000	SBS2	2	1	0	1	0	0	0	0
978	chr9:20208001-27337000	SBS3	2	1	12	9	0	0	0	0
979	chr9:27387001-30288234	SBS1	2	1	1	0	0	0	0	0
980	chr9:27387001-30288234	SBS13	2	1	2	0	0	0	0	0
981	chr9:27387001-30288234	SBS2	2	1	0	1	0	0	0	0
982	chr9:27387001-30288234	SBS3	2	1	8	1	0	0	0	0
983	chr9:30288276-31088982	SBS3	2	1	2	1	0	0	0	0
984	chr9:31089471-31922238	SBS2	2	1	1	0	0	0	0	0
985	chr9:31089471-31922238	SBS3	2	1	3	0	0	0	0	0
986	chr9:31922286-42797234	SBS1	2	1	1	0	0	0	0	0
987	chr9:31922286-42797234	SBS13	2	1	2	1	0	0	0	0
988	chr9:31922286-42797234	SBS2	2	1	4	0	0	0	0	0
989	chr9:31922286-42797234	SBS3	2	1	33	5	0	0	0	0
990	chr9:42797235-42797942	SBS3	3	2	0	0	1	0	0	0
991	chr9:42797954-44377362	SBS1	3	2	1	0	0	0	0	0
992	chr9:42797954-44377362	SBS3	3	2	3	0	0	0	0	0
993	chr9:44377363-71140000	SBS1	2	2	1	1	0	0	0	0
994	chr9:44377363-71140000	SBS13	2	2	3	0	0	0	0	0
995	chr9:44377363-71140000	SBS2	2	2	2	0	0	0	0	0
996	chr9:44377363-71140000	SBS3	2	2	22	6	0	0	0	0
997	chr9:72244073-90653782	SBS1	2	1	2	1	0	0	0	0
998	chr9:72244073-90653782	SBS13	2	1	5	3	0	0	0	0
999	chr9:72244073-90653782	SBS2	2	1	1	1	0	0	0	0
1000	chr9:72244073-90653782	SBS3	2	1	32	13	0	0	0	0
1001	chr9:90654128-99821665	SBS1	2	1	1	1	0	0	0	0
1002	chr9:90654128-99821665	SBS13	2	1	9	2	0	0	0	0
1003	chr9:90654128-99821665	SBS2	2	1	1	0	0	0	0	0
1004	chr9:90654128-99821665	SBS3	2	1	21	7	0	0	0	0
1005	chr9:99821666-104951735	SBS13	2	2	0	3	0	0	0	0
1006	chr9:99821666-104951735	SBS2	2	2	1	0	0	0	0	0
1007	chr9:99821666-104951735	SBS3	2	2	15	14	0	0	0	0
