chromosome	start	end	copyNumber	bafCount	observedBAF	baf	segmentStartSupport	segmentEndSupport	method	depthWindowCount	gcContent	minStart	maxStart	minor_cn	major_cn
chr1	1	8198000	3.8575	3744	0.5805	0.7592	TELOMERE	NONE	BAF_WEIGHTED	5444	0.5177	1	1	1	3
chr1	8198001	9638000	4.7861	692	0.604	0.7893	NONE	NONE	BAF_WEIGHTED	1337	0.4741	8198001	8198001	1	4
chr1	9638001	25443170	4.0869	6983	0.5873	0.769	NONE	DUP	BAF_WEIGHTED	13693	0.479	9638001	9638001	1	3
chr1	25443171	25445476	7.5745	0	0	0.5851	DUP	DUP	NON_DIPLOID	1	0.456	25443171	25443171	3	4
chr1	25445477	26264442	4.191	291	0.5835	0.754	DUP	DEL	BAF_WEIGHTED	769	0.4836	25445477	25445477	1	3
chr1	26264443	26264483	2.2963	0	0	0.551	DEL	DEL	STRUCTURAL_VARIANT	0	0	26264443	26264443	1	1
chr1	26264484	26570711	3.9681	132	0.5954	0.8012	DEL	DEL	BAF_WEIGHTED	281	0.4978	26264484	26264484	1	3
chr1	26570712	28229000	3.1698	367	0.6245	0.9599	DEL	NONE	BAF_WEIGHTED	1535	0.4752	26570712	26570712	0	3
chr1	28229001	28390982	4.9104	0	0	0.7931	NONE	BND	BAF_WEIGHTED	157	0.4646	28229001	28229001	1	4
chr1	28390983	28405000	4.678	0	0	0.7828	BND	NONE	BAF_WEIGHTED	14	0.4296	28390983	28390983	1	4
chr1	28405001	28674372	2.0515	0	0	0.5048	NONE	DEL	BAF_WEIGHTED	255	0.4599	28405001	28405001	1	1
chr1	28674373	30523000	3.0155	725	0.5641	0.6631	DEL	NONE	BAF_WEIGHTED	1744	0.4729	28674373	28674373	1	2
chr1	30523001	33889000	2.2953	1226	0.5625	0.5643	NONE	NONE	BAF_WEIGHTED	3178	0.4708	30523001	30523001	1	1
chr1	33889001	36929330	3.0614	1144	0.5682	0.6533	NONE	DUP	BAF_WEIGHTED	2898	0.4517	33889001	33889001	1	2
chr1	36929331	36931524	4.2435	1	0.5556	0.707	DUP	DUP	BAF_WEIGHTED	1	0.476	36929331	36929331	1	3
chr1	36931525	51004000	3.1331	4053	0.5667	0.6383	DUP	NONE	BAF_WEIGHTED	12998	0.4431	36931525	36931525	1	2
chr1	51004001	66335000	2.3294	5913	0.5608	0.5747	NONE	NONE	BAF_WEIGHTED	14553	0.4141	51004001	51004001	1	1
chr1	66335001	66815000	3.4594	65	0.5588	0.5781	NONE	NONE	BAF_WEIGHTED	449	0.3805	66335001	66335001	1	2
chr1	66815001	116559000	2.2556	19983	0.5609	0.5531	NONE	NONE	BAF_WEIGHTED	46010	0.3816	66815001	66815001	1	1
chr1	116559001	118026000	3.1977	454	0.57	0.6255	NONE	NONE	BAF_WEIGHTED	1314	0.4137	116559001	116559001	1	2
chr1	118026001	118879000	2.0084	491	0.5676	0.5021	NONE	NONE	BAF_WEIGHTED	770	0.3729	118026001	118026001	1	1
chr1	118879001	119149000	3.0315	156	0.5789	0.8008	NONE	NONE	BAF_WEIGHTED	257	0.4055	118879001	118879001	1	2
chr1	119149001	123605522	3.928	266	0.5664	0.5092	NONE	CENTROMERE	BAF_WEIGHTED	803	0.4156	119149001	119149001	2	2
chr1	123605523	143741500	3.0606	76	0.5695	0.6299	CENTROMERE	NONE	BAF_WEIGHTED	197	0.4156	123605523	123605523	1	2
chr1	143741501	146473000	5.661	244	0.5556	0.5299	NONE	NONE	BAF_WEIGHTED	337	0.448	143737001	143746001	3	3
chr1	146473001	151854420	7.1645	1166	0.5714	0.657	NONE	DUP	BAF_WEIGHTED	2613	0.4383	146052001	146894001	2	5
chr1	151854421	151890092	10.4575	9	0.6154	0.7095	DUP	DUP	BAF_WEIGHTED	34	0.4247	151854421	151854421	3	7
chr1	151890093	156652390	6.3203	1903	0.5585	0.6286	DUP	DEL	BAF_WEIGHTED	4220	0.4584	151890093	151890093	2	4
chr1	156652391	156652426	5.1396	0	0	0.5313	DEL	DEL	STRUCTURAL_VARIANT	0	0	156652391	156652391	2	3
chr1	156652427	166220208	5.8968	4424	0.557	0.5915	DEL	SGL	BAF_WEIGHTED	8668	0.4157	156652427	156652427	2	3
chr1	166220209	173491851	5.8751	2900	0.5535	0.5108	SGL	DUP	BAF_WEIGHTED	6795	0.3929	166220209	166220209	3	3
chr1	173491852	173497077	8.4531	1	0.6167	0.7344	DUP	DUP	BAF_WEIGHTED	5	0.4294	173491852	173491852	2	6
chr1	173497078	179124421	5.7606	2032	0.5564	0.5209	DUP	DEL	BAF_WEIGHTED	5258	0.4017	173497078	173497078	3	3
chr1	179124422	200483000	3.9714	8246	0.5674	0.5555	DEL	NONE	BAF_WEIGHTED	20158	0.3707	179124422	179124422	2	2
chr1	200483001	203460809	5.7196	1484	0.5556	0.5245	NONE	DUP	BAF_WEIGHTED	2605	0.4699	200483001	200483001	3	3
chr1	203460810	203462058	8.6754	0	0	0.7007	DUP	DUP	BAF_WEIGHTED	1	0.361	203460810	203460810	3	6
chr1	203462059	211423000	5.608	2925	0.5548	0.537	DUP	NONE	BAF_WEIGHTED	7244	0.4377	203462059	203462059	3	3
chr1	211423001	212365000	7.3105	360	0.575	0.6625	NONE	NONE	BAF_WEIGHTED	901	0.4241	211423001	211423001	2	5
chr1	212365001	222053584	6.0785	4252	0.5535	0.6189	NONE	DEL	BAF_WEIGHTED	9251	0.3892	212365001	212365001	2	4
chr1	222053585	228907929	8.2132	2378	0.5613	0.6087	DEL	DUP	BAF_WEIGHTED	5947	0.4372	222053585	222053585	3	5
chr1	228907930	228909484	10.9416	0	0	0.7147	DUP	DUP	BAF_WEIGHTED	1	0.393	228907930	228907930	3	8
chr1	228909485	235125000	8.1366	2870	0.561	0.6163	DUP	NONE	BAF_WEIGHTED	5923	0.4281	228909485	228909485	3	5
chr1	235125001	235295000	5.2827	0	0	0.702	NONE	NONE	BAF_WEIGHTED	168	0.3943	235125001	235125001	2	4
chr1	235295001	243134298	7.7069	4906	0.5615	0.5188	NONE	BND	BAF_WEIGHTED	7178	0.3975	235295001	235295001	4	4
chr1	243134299	243744006	7.5814	130	0.5554	0.5272	BND	DUP	BAF_WEIGHTED	520	0.3807	243134299	243134299	4	4
chr1	243744007	243744808	12.0411	0	0	0.7435	DUP	DUP	STRUCTURAL_VARIANT	0	0	243744007	243744007	3	9
chr1	243744809	246216000	7.0881	1514	0.5522	0.5643	DUP	NONE	BAF_WEIGHTED	2366	0.4256	243744809	243744809	3	4
chr1	246216001	246817000	9.2551	313	0.5769	0.6477	NONE	NONE	BAF_WEIGHTED	533	0.4186	246216001	246216001	3	6
chr1	246817001	248956422	6.8126	1152	0.5556	0.5871	NONE	TELOMERE	BAF_WEIGHTED	1662	0.4018	246817001	246817001	3	4
chr2	1	8741000	3.6857	4199	0.5598	0.5452	TELOMERE	NONE	BAF_WEIGHTED	8182	0.4273	1	1	2	2
chr2	8741001	9395000	5.6312	174	0.5619	0.5328	NONE	NONE	BAF_WEIGHTED	623	0.4321	8741001	8741001	3	3
chr2	9395001	41466517	3.8078	14019	0.5583	0.5256	NONE	INV	BAF_WEIGHTED	30349	0.4118	9395001	9395001	2	2
chr2	41466518	41466521	1.9487	0	0	0.927	INV	INV	STRUCTURAL_VARIANT	0	0	41466518	41466518	0	2
chr2	41466522	43027000	3.8837	900	0.5504	0.515	INV	NONE	BAF_WEIGHTED	1498	0.4287	41466522	41466522	2	2
chr2	43027001	43223000	5.7913	68	0.5798	0.6973	NONE	NONE	BAF_WEIGHTED	189	0.5126	43027001	43027001	2	4
chr2	43223001	62113403	3.8362	8821	0.5575	0.5231	NONE	DEL	BAF_WEIGHTED	17980	0.3925	43223001	43223001	2	2
chr2	62113404	62113435	2.0328	0	0	0.9872	DEL	DEL	STRUCTURAL_VARIANT	0	0	62113404	62113404	0	2
chr2	62113436	62331414	3.879	114	0.5513	0.5156	DEL	DEL	BAF_WEIGHTED	214	0.4433	62113436	62113436	2	2
chr2	62331415	62331652	1.9026	0	0	1	DEL	DEL	STRUCTURAL_VARIANT	0	0	62331415	62331415	0	2
chr2	62331653	68095412	3.8562	2615	0.5585	0.5253	DEL	DEL	BAF_WEIGHTED	5405	0.3996	62331653	62331653	2	2
chr2	68095413	68097364	2.9197	0	0	0.6938	DEL	DEL	NON_DIPLOID	1	0.399	68095413	68095413	1	2
chr2	68097365	68642000	4.0905	245	0.56	0.5111	DEL	NONE	BAF_WEIGHTED	502	0.3874	68097365	68097365	2	2
chr2	68642001	72244861	3.3291	2328	0.561	0.6008	NONE	INV	BAF_WEIGHTED	3365	0.4369	68642001	68642001	1	2
chr2	72244862	72463034	1.3821	1	0.6341	1.4614	INV	INV	BAF_WEIGHTED	193	0.3678	72244862	72244862	0	1
chr2	72463035	75787000	3.3196	1309	0.5641	0.6025	INV	NONE	BAF_WEIGHTED	3047	0.4272	72463035	72463035	1	2
chr2	75787001	84256000	2.8594	3581	0.561	0.6994	NONE	NONE	BAF_WEIGHTED	7962	0.3614	75787001	75787001	1	2
chr2	84256001	93139350	3.3281	975	0.5624	0.6013	NONE	CENTROMERE	BAF_WEIGHTED	3231	0.435	84256001	84256001	1	2
chr2	93139351	113745995	3.1927	7193	0.5605	0.6232	CENTROMERE	BND	BAF_WEIGHTED	14687	0.4234	93139351	93139351	1	2
chr2	113745996	113746195	5.079	0	0	0.7631	BND	BND	STRUCTURAL_VARIANT	0	0	113745996	113745996	1	4
chr2	113746196	114605000	3.0758	214	0.5633	0.6502	BND	NONE	BAF_WEIGHTED	809	0.3949	113746196	113746196	1	2
chr2	114605001	117797000	2.6491	1537	0.5625	0.755	NONE	NONE	BAF_WEIGHTED	2974	0.3671	114605001	114605001	1	2
chr2	117797001	136793802	3.0866	6386	0.5637	0.6428	NONE	DEL	BAF_WEIGHTED	16259	0.4191	117796001	117798001	1	2
chr2	136793803	136793835	0.8984	0	0	1	DEL	DEL	STRUCTURAL_VARIANT	0	0	136793803	136793803	0	1
chr2	136793836	168992119	3.0957	11771	0.563	0.6523	DEL	DEL	BAF_WEIGHTED	30487	0.3701	136793836	136793836	1	2
chr2	168992120	168992198	0.2853	0	0	1	DEL	DEL	STRUCTURAL_VARIANT	0	0	168992120	168992120	0	0
chr2	168992199	173707832	3.3503	2340	0.5652	0.5979	DEL	DEL	BAF_WEIGHTED	4445	0.4028	168992199	168992199	1	2
chr2	173707833	173707881	1.2492	0	0	0.9574	DEL	DEL	STRUCTURAL_VARIANT	0	0	173707833	173707833	0	1
chr2	173707882	194625757	3.1934	7773	0.5645	0.6255	DEL	DEL	BAF_WEIGHTED	19670	0.3683	173707882	173707882	1	2
chr2	194625758	194625789	1.8864	0	0	0.5629	DEL	DEL	STRUCTURAL_VARIANT	0	0	194625758	194625758	1	1
chr2	194625790	223855323	3.0913	11680	0.5643	0.6565	DEL	DUP	BAF_WEIGHTED	27674	0.3955	194625790	194625790	1	2
chr2	223855324	223856100	5.9829	0	0	0.8225	DUP	DUP	STRUCTURAL_VARIANT	0	0	223855324	223855324	1	5
chr2	223856101	235023581	3.0369	5131	0.5638	0.6561	DUP	DUP	BAF_WEIGHTED	10477	0.4172	223856101	223856101	1	2
chr2	235023582	235037713	3.6315	4	0.5723	0.742	DUP	DUP	BAF_WEIGHTED	13	0.5248	235023582	235023582	1	3
chr2	235037714	242193529	3.1415	3370	0.5606	0.6343	DUP	TELOMERE	BAF_WEIGHTED	6171	0.4837	235037714	235037714	1	2
chr3	1	853000	2.6452	257	0.6134	0.9829	TELOMERE	NONE	BAF_WEIGHTED	715	0.3683	1	1	0	3
chr3	853001	1515306	1.8638	343	0.6	1.0575	NONE	BND	BAF_WEIGHTED	627	0.3624	853001	853001	0	2
chr3	1515307	1675000	3.1194	32	0.5926	0.8457	BND	NONE	BAF_WEIGHTED	144	0.3549	1515307	1515307	0	3
chr3	1675001	29174000	3.7562	14210	0.5592	0.5388	NONE	NONE	BAF_WEIGHTED	25730	0.4048	1675001	1675001	2	2
chr3	29174001	37680857	2.8802	3620	0.561	0.6922	NONE	DEL	BAF_WEIGHTED	8065	0.392	29174001	29174001	1	2
chr3	37680858	37685000	2.2791	2	0.6693	1.3027	DEL	NONE	BAF_WEIGHTED	4	0.4618	37680858	37680858	0	2
chr3	37685001	37817483	1.1491	56	0.5787	1.1631	NONE	DEL	BAF_WEIGHTED	129	0.4467	37685001	37685001	0	1
chr3	37817484	52921000	2.9162	4648	0.5612	0.687	DEL	NONE	BAF_WEIGHTED	13908	0.4488	37817484	37817484	1	2
chr3	52921001	58984479	3.3997	2400	0.5581	0.5883	NONE	DEL	BAF_WEIGHTED	5759	0.4245	52921001	52921001	1	2
chr3	58984480	58984511	2.0044	0	0	0.7203	DEL	DEL	STRUCTURAL_VARIANT	0	0	58984480	58984480	1	1
chr3	58984512	67827015	3.4512	4653	0.558	0.5816	DEL	DUP	BAF_WEIGHTED	8447	0.3986	58984512	58984512	1	2
chr3	67827016	67829213	5.9274	0	0	0.6631	DUP	DUP	NON_DIPLOID	1	0.321	67827016	67827016	2	4
chr3	67829214	82501082	3.5977	6595	0.5574	0.5551	DUP	DEL	BAF_WEIGHTED	13325	0.3778	67829214	67829214	2	2
chr3	82501083	82501118	1.6422	0	0	1	DEL	DEL	STRUCTURAL_VARIANT	0	0	82501083	82501083	0	2
chr3	82501119	92214015	3.5048	4604	0.5556	0.5706	DEL	CENTROMERE	BAF_WEIGHTED	7395	0.3487	82501119	82501119	2	2
chr3	92214016	99488000	3.703	3512	0.5591	0.5422	CENTROMERE	NONE	BAF_WEIGHTED	5227	0.3586	92214016	92214016	2	2
chr3	99488001	109712863	4.7652	3707	0.5583	0.6306	NONE	DEL	BAF_WEIGHTED	9662	0.3713	99488001	99488001	2	3
chr3	109712864	111495000	2.8546	914	0.6	0.8987	DEL	NONE	BAF_WEIGHTED	1682	0.3628	109712864	109712864	0	3
chr3	111495001	115787636	3.3297	1896	0.6042	0.871	NONE	DEL	BAF_WEIGHTED	4064	0.3854	111495001	111495001	0	3
chr3	115787637	119654603	4.486	1525	0.5589	0.6719	DEL	DUP	BAF_WEIGHTED	3679	0.3778	115787637	115787637	1	3
chr3	119654604	119664850	7.9642	6	0.6138	0.7355	DUP	DUP	BAF_WEIGHTED	9	0.4373	119654604	119654604	2	6
chr3	119664851	136171654	4.6632	5596	0.5689	0.6716	DUP	DEL	BAF_WEIGHTED	14753	0.427	119664851	119664851	2	3
chr3	136171655	136186201	1.5955	1	0.5278	0.6268	DEL	DEL	BAF_WEIGHTED	14	0.4206	136171655	136171655	1	1
chr3	136186202	137137000	4.4946	261	0.5812	0.7348	DEL	NONE	BAF_WEIGHTED	873	0.4062	136186202	136186202	1	3
chr3	137137001	147188279	3.6052	4050	0.5635	0.5544	NONE	DUP	BAF_WEIGHTED	9399	0.392	137137001	137137001	2	2
chr3	147188280	147198681	3.9399	4	0.6354	0.9286	DUP	DUP	BAF_WEIGHTED	9	0.3293	147188280	147188280	0	4
chr3	147198682	148916000	3.4236	785	0.5641	0.5842	DUP	NONE	BAF_WEIGHTED	1615	0.3599	147198682	147198682	1	2
chr3	148916001	157646000	3.9804	3423	0.5657	0.5961	NONE	NONE	BAF_WEIGHTED	8260	0.3844	148916001	148916001	2	2
chr3	157646001	159885000	3.371	756	0.5618	0.5933	NONE	NONE	BAF_WEIGHTED	2043	0.3826	157646001	157646001	1	2
chr3	159885001	160032000	5.0001	47	0.56	0.6	NONE	NONE	BAF_WEIGHTED	146	0.4142	159885001	159885001	2	3
chr3	160032001	165548000	3.2543	2258	0.562	0.6168	NONE	NONE	BAF_WEIGHTED	5055	0.358	160032001	160032001	1	2
chr3	165548001	176093000	4.1686	3944	0.5714	0.7168	NONE	NONE	BAF_WEIGHTED	10007	0.3699	165547001	165549001	1	3
chr3	176093001	176845000	5.1053	24	0.6	0.767	NONE	NONE	BAF_WEIGHTED	711	0.3612	176093001	176093001	1	4
chr3	176845001	177106817	6.0656	30	0.5473	0.6595	NONE	DUP	BAF_WEIGHTED	250	0.3879	176845001	176845001	2	4
chr3	177106818	177111776	7.6045	0	0	0.7054	DUP	DUP	BAF_WEIGHTED	4	0.3343	177106818	177106818	2	5
chr3	177111777	184183312	5.4554	2554	0.5627	0.5894	DUP	DUP	BAF_WEIGHTED	6705	0.3938	177111777	177111777	2	3
chr3	184183313	184193069	9.1152	1	0.5571	0.5485	DUP	DUP	BAF_WEIGHTED	8	0.5079	184183313	184183313	4	5
chr3	184193070	198295559	4.9999	6771	0.5612	0.6023	DUP	TELOMERE	BAF_WEIGHTED	12881	0.4155	184193070	184193070	2	3
chr4	1	479754	3.4062	9	0.6389	0.9889	TELOMERE	INV	BAF_WEIGHTED	272	0.4024	1	1	0	3
chr4	479755	483384	2.7483	0	0	1.0161	INV	INV	BAF_WEIGHTED	3	0.407	479755	479755	0	3
chr4	483385	26348907	2.0483	13310	0.6016	1.0217	INV	DUP	BAF_WEIGHTED	22320	0.4269	483385	483385	0	2
chr4	26348908	26460000	4.0654	3	0.64	0.9336	DUP	NONE	BAF_WEIGHTED	110	0.3886	26348908	26348908	0	4
chr4	26460001	29143390	3.8785	1686	0.5577	0.5158	NONE	DEL	BAF_WEIGHTED	2564	0.367	26460001	26460001	2	2
chr4	29143391	39235104	1.9893	4770	0.5959	1.0067	DEL	INV	BAF_WEIGHTED	9692	0.3622	29143391	29143391	0	2
chr4	39235105	39241297	3.72	2	0.5615	0.5376	INV	INV	BAF_WEIGHTED	5	0.3814	39235105	39235105	2	2
chr4	39241298	39242971	6.2079	0	0	0.6554	INV	DUP	STRUCTURAL_VARIANT	0	0	39241298	39241298	2	4
chr4	39242972	39500876	4.1395	172	0.5647	0.5169	DUP	DEL	BAF_WEIGHTED	245	0.4101	39242972	39242972	2	2
chr4	39500877	40503998	2.0754	605	0.5918	0.9689	DEL	DEL	BAF_WEIGHTED	975	0.4247	39500877	39500877	0	2
chr4	40503999	40655000	3.9916	136	0.5631	0.5042	DEL	NONE	BAF_WEIGHTED	148	0.4457	40503999	40503999	2	2
chr4	40655001	45275347	1.9499	2111	0.5946	1.0083	NONE	DEL	BAF_WEIGHTED	4385	0.3809	40655001	40655001	0	2
chr4	45275348	46676136	3.5933	326	0.561	0.5566	DEL	DUP	BAF_WEIGHTED	1309	0.3512	45275348	45275348	2	2
chr4	46676137	47405918	4.0074	531	0.5625	0.5009	DUP	DUP	BAF_WEIGHTED	690	0.364	46676137	46676137	2	2
chr4	47405919	50726025	2.2451	799	0.6071	1.0138	DUP	CENTROMERE	BAF_WEIGHTED	1569	0.3858	47405919	47405919	0	2
chr4	50726026	57227000	1.5123	1405	0.5758	1.0041	CENTROMERE	NONE	BAF_WEIGHTED	4932	0.4059	50726026	50726026	0	2
chr4	57227001	60131000	1.1228	1384	0.5758	1.1514	NONE	NONE	BAF_WEIGHTED	2606	0.3549	57227001	57227001	0	1
chr4	60131001	74088509	2.1557	5254	0.59	0.9567	NONE	BND	BAF_WEIGHTED	12464	0.3572	60131001	60131001	0	2
chr4	74088510	97112000	3.391	8754	0.5614	0.59	BND	NONE	BAF_WEIGHTED	21453	0.3763	74088510	74088510	1	2
chr4	97112001	98775514	5.1127	636	0.5938	0.7502	NONE	DEL	BAF_WEIGHTED	1508	0.3689	97112001	97112001	1	4
chr4	98775515	98775566	4.4511	0	0	0.9071	DEL	DEL	STRUCTURAL_VARIANT	0	0	98775515	98775515	0	4
chr4	98775567	102735996	5.4339	1071	0.5946	0.743	DEL	DUP	BAF_WEIGHTED	3703	0.374	98775567	98775567	1	4
chr4	102735997	102741910	7.5889	0	0	0.5178	DUP	DUP	BAF_WEIGHTED	5	0.4134	102735997	102735997	4	4
chr4	102741911	112749000	5.1997	3242	0.5969	0.7558	DUP	NONE	BAF_WEIGHTED	9140	0.3733	102741911	102741911	1	4
chr4	112749001	113465000	6.8132	342	0.5585	0.5871	NONE	NONE	BAF_WEIGHTED	693	0.3759	112749001	112749001	3	4
chr4	113465001	114140000	5.6228	413	0.5957	0.7408	NONE	NONE	BAF_WEIGHTED	641	0.3613	113465001	113465001	1	4
chr4	114140001	118883460	3.8672	2336	0.6602	1.0152	NONE	BND	BAF_WEIGHTED	4269	0.3499	114140001	114140001	0	4
chr4	118883461	141007495	4.0365	11089	0.6579	0.9918	BND	DUP	BAF_WEIGHTED	20427	0.3642	118883461	118883461	0	4
chr4	141007496	141033223	5.6754	6	0.7528	1.1326	DUP	DUP	BAF_WEIGHTED	25	0.3671	141007496	141007496	0	6
chr4	141033224	142256000	4.1413	331	0.659	0.9864	DUP	NONE	BAF_WEIGHTED	1135	0.3694	141033224	141033224	0	4
chr4	142256001	158370000	2.0547	5138	0.6	1.017	NONE	NONE	BAF_WEIGHTED	14863	0.381	142252001	142260001	0	2
chr4	158370001	159062000	3.7439	107	0.5532	0.5342	NONE	NONE	BAF_WEIGHTED	629	0.391	158370001	158370001	2	2
chr4	159062001	159295744	2.3001	45	0.5814	0.8831	NONE	DEL	BAF_WEIGHTED	227	0.3758	159062001	159062001	0	2
chr4	159295745	159295785	0	0	0	1	DEL	DEL	STRUCTURAL_VARIANT	0	0	159295745	159295745	0	0
chr4	159295786	185521000	1.8637	12397	0.5949	1.033	DEL	NONE	BAF_WEIGHTED	24747	0.3716	159295786	159295786	0	2
chr4	185521001	190214555	1.819	2500	0.6	1.0687	NONE	TELOMERE	BAF_WEIGHTED	3874	0.3995	185521001	185521001	0	2
chr5	1	1542000	5.2406	759	0.56	0.5725	TELOMERE	NONE	BAF_WEIGHTED	876	0.5376	1	1	2	3
chr5	1542001	4315703	3.9441	1657	0.5581	0.5071	NONE	DUP	BAF_WEIGHTED	2546	0.4511	1542001	1542001	2	2
chr5	4315704	4319051	5.0658	0	0	0.5856	DUP	DUP	BAF_WEIGHTED	3	0.3957	4315704	4315704	2	3
chr5	4319052	10955000	3.9529	3628	0.5569	0.5311	DUP	NONE	BAF_WEIGHTED	6301	0.4134	4319052	4319052	2	2
chr5	10955001	11131000	2.5678	84	0.5768	0.8318	NONE	NONE	BAF_WEIGHTED	175	0.4184	10955001	10955001	0	2
chr5	11131001	16029232	3.8329	2098	0.5565	0.5609	NONE	DEL	BAF_WEIGHTED	4711	0.3893	11131001	11131001	2	2
chr5	16029233	16029494	1.6616	0	0	1	DEL	DEL	STRUCTURAL_VARIANT	0	0	16029233	16029233	0	2
chr5	16029495	34062000	3.5158	8894	0.5578	0.5729	DEL	NONE	BAF_WEIGHTED	16367	0.3667	16029495	16029495	2	2
chr5	34062001	42076000	4.5602	3254	0.5581	0.6579	NONE	NONE	BAF_WEIGHTED	7162	0.3898	34062001	34062001	2	3
chr5	42076001	48272853	3.6645	1116	0.5573	0.5213	NONE	CENTROMERE	BAF_WEIGHTED	3853	0.3729	42076001	42076001	2	2
chr5	48272854	52656000	1.77	1238	0.5909	1.0288	CENTROMERE	NONE	BAF_WEIGHTED	2068	0.3547	48272854	48272854	0	2
chr5	52656001	91162951	2.1695	16225	0.5997	0.993	NONE	INV	BAF_WEIGHTED	34127	0.386	52656001	52656001	0	2
chr5	91162952	91272000	4.7252	46	0.6824	1.0114	INV	NONE	BAF_WEIGHTED	109	0.3903	91162952	91162952	0	5
chr5	91272001	94276813	2.4339	576	0.6104	0.9974	NONE	INV	BAF_WEIGHTED	2826	0.3613	91272001	91272001	0	2
chr5	94276814	112355600	2.3731	8225	0.6042	0.9816	INV	INV	BAF_WEIGHTED	16660	0.3643	94276814	94276814	0	2
chr5	112355601	112362094	4.1246	0	0	0.9894	INV	INV	BAF_WEIGHTED	4	0.3952	112355601	112355601	0	4
chr5	112362095	112367163	4.7831	2	0.7156	1.0999	INV	SGL	BAF_WEIGHTED	4	0.392	112362095	112362095	0	5
chr5	112367164	118325552	1.9566	2611	0.5919	0.9913	SGL	DUP	BAF_WEIGHTED	5561	0.3824	112367164	112367164	0	2
chr5	118325553	118334911	3.7499	0	0	1.0004	DUP	DUP	BAF_WEIGHTED	8	0.386	118325553	118325553	0	4
chr5	118334912	131742075	2.0172	5636	0.595	1.0007	DUP	DUP	BAF_WEIGHTED	12506	0.3752	118334912	118334912	0	2
chr5	131742076	131744108	2.1674	0	0	1.0006	DUP	DUP	BAF_WEIGHTED	1	0.381	131742076	131742076	0	2
chr5	131744109	141723000	2.099	3489	0.5928	0.9691	DUP	NONE	BAF_WEIGHTED	9342	0.4404	131744109	131744109	0	2
chr5	141723001	142227000	3.7845	222	0.6582	1.0146	NONE	NONE	BAF_WEIGHTED	482	0.4661	141723001	141723001	0	4
chr5	142227001	162436457	2.022	8762	0.596	1.0015	NONE	DEL	BAF_WEIGHTED	19111	0.4077	142227001	142227001	0	2
chr5	162436458	162436491	0.2165	0	0	1	DEL	DEL	STRUCTURAL_VARIANT	0	0	162436458	162436458	0	0
chr5	162436492	163355264	1.8626	470	0.5942	1.0254	DEL	DEL	BAF_WEIGHTED	820	0.3667	162436492	162436492	0	2
chr5	163355265	163355305	0	0	0	1	DEL	DEL	STRUCTURAL_VARIANT	0	0	163355265	163355265	0	0
chr5	163355306	181538259	1.9888	9074	0.598	1.0189	DEL	TELOMERE	BAF_WEIGHTED	16033	0.4339	163355306	163355306	0	2
chr6	1	42059573	4.6158	25598	0.5598	0.6569	TELOMERE	DUP	BAF_WEIGHTED	39044	0.4249	1	1	2	3
chr6	42059574	42061154	8.0084	0	0	0.6214	DUP	DUP	STRUCTURAL_VARIANT	0	0	42059574	42059574	3	5
chr6	42061155	44105295	4.6951	675	0.564	0.6383	DUP	DUP	BAF_WEIGHTED	1953	0.4755	42061155	42061155	2	3
chr6	44105296	44142780	7.3511	2	0.5664	0.5441	DUP	DUP	BAF_WEIGHTED	34	0.499	44105296	44105296	3	4
chr6	44142781	48089415	4.7892	2185	0.5612	0.626	DUP	DEL	BAF_WEIGHTED	3703	0.4024	44142781	44142781	2	3
chr6	48089416	48089901	0.3483	0	0	1	DEL	DEL	STRUCTURAL_VARIANT	0	0	48089416	48089416	0	0
chr6	48089902	48151226	4.1849	44	0.5556	0.5221	DEL	DEL	BAF_WEIGHTED	53	0.358	48089902	48089902	2	2
chr6	48151227	48151283	1.693	0	0	0.9876	DEL	DEL	STRUCTURAL_VARIANT	0	0	48151227	48151227	0	2
chr6	48151284	59191910	4.6771	4876	0.5613	0.6425	DEL	CENTROMERE	BAF_WEIGHTED	8584	0.3736	48151284	48151284	2	3
chr6	59191911	90451490	3.1249	15834	0.5651	0.648	CENTROMERE	DUP	BAF_WEIGHTED	26715	0.3703	59191911	59191911	1	2
chr6	90451491	90458190	5.6945	9	0.6222	0.8052	DUP	DUP	BAF_WEIGHTED	6	0.4157	90451491	90451491	1	5
chr6	90458191	96668877	2.9849	3179	0.5641	0.67	DUP	DEL	BAF_WEIGHTED	5831	0.3522	90458191	90458191	1	2
chr6	96668878	96669967	1.4239	0	0	0.6917	DEL	DEL	STRUCTURAL_VARIANT	0	0	96668878	96668878	0	1
chr6	96669968	98884000	3.0017	289	0.5714	0.7742	DEL	NONE	BAF_WEIGHTED	2107	0.3647	96669968	96669968	1	2
chr6	98884001	99566000	5.079	377	0.5957	0.7564	NONE	NONE	BAF_WEIGHTED	636	0.3916	98884001	98884001	1	4
chr6	99566001	127391815	3.0517	10779	0.5613	0.659	NONE	DUP	BAF_WEIGHTED	26005	0.3771	99566001	99566001	1	2
chr6	127391816	127393888	5.7471	0	0	0.6501	DUP	DUP	BAF_WEIGHTED	1	0.377	127391816	127391816	2	4
chr6	127393889	136428000	3.216	3960	0.5634	0.6228	DUP	NONE	BAF_WEIGHTED	8599	0.379	127393889	127393889	1	2
chr6	136428001	139385969	2.5183	1227	0.5729	0.8226	NONE	DEL	BAF_WEIGHTED	2839	0.4043	136428001	136428001	0	2
chr6	139385970	139386998	1.4741	0	0	0.7601	DEL	DEL	STRUCTURAL_VARIANT	0	0	139385970	139385970	0	1
chr6	139386999	167896070	2.4556	14848	0.5794	0.856	DEL	DUP	BAF_WEIGHTED	26970	0.4021	139386999	139386999	0	2
chr6	167896071	167905459	3.4624	0	0	0.8979	DUP	DUP	BAF_WEIGHTED	8	0.4035	167896071	167896071	0	3
chr6	167905460	170805979	2.1608	1575	0.5897	0.9436	DUP	TELOMERE	BAF_WEIGHTED	2408	0.4609	167905460	167905460	0	2
chr7	1	10783223	3.9112	6500	0.5581	0.5113	TELOMERE	DUP	BAF_WEIGHTED	8745	0.4526	1	1	2	2
chr7	10783224	10794594	6.0112	2	0.6111	0.7688	DUP	DUP	BAF_WEIGHTED	10	0.3489	10783224	10783224	1	5
chr7	10794595	15388535	3.8134	2881	0.5594	0.5204	DUP	DUP	BAF_WEIGHTED	4388	0.3577	10794595	10794595	2	2
chr7	15388536	15851506	5.7202	259	0.5667	0.5245	DUP	DUP	BAF_WEIGHTED	450	0.3517	15388536	15388536	3	3
chr7	15851507	17918489	4.0118	1414	0.5601	0.5268	DUP	DUP	BAF_WEIGHTED	1977	0.3713	15851507	15851507	2	2
chr7	17918490	17920234	6.5037	0	0	0.6973	DUP	DUP	BAF_WEIGHTED	1	0.362	17918490	17918490	2	5
chr7	17920235	29336000	3.9686	6104	0.5556	0.504	DUP	NONE	BAF_WEIGHTED	10785	0.3955	17920235	17920235	2	2
chr7	29336001	30840000	2.1924	606	0.5936	0.9561	NONE	NONE	BAF_WEIGHTED	1302	0.4268	29336001	29336001	0	2
chr7	30840001	45477442	3.9385	5499	0.5584	0.517	NONE	DEL	BAF_WEIGHTED	13038	0.4114	30840001	30840001	2	2
chr7	45477443	45479473	3.0698	0	0	0.6633	DEL	DEL	BAF_WEIGHTED	1	0.374	45477443	45477443	1	2
chr7	45479474	51531000	3.9088	2867	0.5577	0.5117	DEL	NONE	BAF_WEIGHTED	5573	0.4101	45479474	45479474	2	2
chr7	51531001	54744000	3.371	1882	0.5581	0.5933	NONE	NONE	BAF_WEIGHTED	2982	0.3726	51527001	51531001	1	2
chr7	54744001	55749000	3.9549	538	0.5581	0.5057	NONE	NONE	BAF_WEIGHTED	848	0.4318	54744001	54744001	2	2
chr7	55749001	59498943	3.1989	1491	0.5627	0.6484	NONE	CENTROMERE	BAF_WEIGHTED	1241	0.427	55735001	55763001	1	2
chr7	59498944	70901912	3.3894	4605	0.5598	0.6047	CENTROMERE	DEL	BAF_WEIGHTED	6362	0.4243	59498944	59498944	1	2
chr7	70901913	70908797	1.2799	0	0	1	DEL	DEL	BAF_WEIGHTED	6	0.4303	70901913	70901913	0	1
chr7	70908798	72410000	3.0698	920	0.5556	0.6515	DEL	NONE	BAF_WEIGHTED	1472	0.4385	70908798	70908798	1	2
chr7	72410001	102848911	3.6146	11243	0.5575	0.5538	NONE	INV	BAF_WEIGHTED	25573	0.3966	72410001	72410001	2	2
chr7	102848912	102861973	5.3598	7	0.6061	0.7749	INV	INV	BAF_WEIGHTED	10	0.3592	102848912	102848912	1	4
chr7	102861974	114485000	3.8897	4171	0.5564	0.5289	INV	NONE	BAF_WEIGHTED	10717	0.3824	102861974	102861974	2	2
chr7	114485001	129665944	5.2144	6034	0.5666	0.5806	NONE	DEL	BAF_WEIGHTED	14116	0.373	114485001	114485001	2	3
chr7	129665945	129666052	1.5557	0	0	1	DEL	DEL	STRUCTURAL_VARIANT	0	0	129665945	129665945	0	2
chr7	129666053	130552000	5.4017	397	0.5581	0.5554	DEL	NONE	BAF_WEIGHTED	838	0.4398	129666053	129666053	2	3
chr7	130552001	130767666	6.2144	129	0.5957	0.727	NONE	DUP	BAF_WEIGHTED	193	0.3945	130552001	130552001	2	5
chr7	130767667	130777018	9.6591	7	0.7083	0.8922	DUP	DUP	BAF_WEIGHTED	9	0.3523	130767667	130767667	1	9
chr7	130777019	133992237	6.2607	1352	0.5556	0.6389	DUP	DUP	BAF_WEIGHTED	3124	0.4207	130777019	130777019	2	4
chr7	133992238	134072946	9.628	59	0.6111	0.7095	DUP	DUP	BAF_WEIGHTED	79	0.4048	133992238	133992238	3	7
chr7	134072947	134759000	6.2933	655	0.5526	0.6356	DUP	NONE	BAF_WEIGHTED	659	0.4136	134072947	134072947	2	4
chr7	134759001	158986169	4.4685	11462	0.5627	0.61	NONE	INV	BAF_WEIGHTED	20891	0.4248	134759001	134759001	2	3
chr7	158986170	158993939	5.7865	9	0.5476	0.5184	INV	INV	BAF_WEIGHTED	5	0.4894	158986170	158986170	3	3
chr7	158993940	159345973	4.6833	141	0.5625	0.6406	INV	TELOMERE	BAF_WEIGHTED	281	0.4551	158993940	158993940	2	3
chr8	1	32575149	1.9315	19683	0.5968	1.0378	TELOMERE	BND	BAF_WEIGHTED	28489	0.4145	1	1	0	2
chr8	32575150	33843000	9.8913	342	0.6728	0.8219	BND	NONE	BAF_WEIGHTED	1209	0.4009	32575150	32575150	2	8
chr8	33843001	33916160	7.8023	0	0	0.7742	NONE	DEL	BAF_WEIGHTED	68	0.3796	33843001	33843001	2	6
chr8	33916161	34180000	1.7562	5	0.6774	1.5387	DEL	NONE	BAF_WEIGHTED	244	0.3928	33916161	33916161	0	2
chr8	34180001	34813143	1.6893	184	0.5949	1.0739	NONE	DUP	BAF_WEIGHTED	594	0.3673	34180001	34180001	0	2
chr8	34813144	34813151	4.043	0	0	0.5597	DUP	DEL	STRUCTURAL_VARIANT	0	0	34813144	34813144	2	2
chr8	34813152	34813239	9.9427	0	0	0.821	DEL	DUP	STRUCTURAL_VARIANT	0	0	34813152	34813152	2	8
chr8	34813240	36198428	7.5889	194	0.625	0.7654	DUP	DUP	BAF_WEIGHTED	1336	0.3817	34813240	34813240	2	6
chr8	36198429	41874458	14.7393	2558	0.7319	0.8653	DUP	DUP	BAF_WEIGHTED	5243	0.4206	36198429	36198429	2	13
chr8	41874459	43531697	8.3709	154	0.6151	0.7321	DUP	SGL	BAF_WEIGHTED	1495	0.4282	41874459	41874459	2	6
chr8	43531698	44955504	3.677	0	0	0.61	SGL	CENTROMERE	BAF_WEIGHTED	360	0.3896	43531698	43531698	1	2
chr8	44955505	59543000	3.8432	4516	0.5587	0.5228	CENTROMERE	NONE	BAF_WEIGHTED	12535	0.3966	44955505	44955505	2	2
chr8	59543001	60593000	3.1582	505	0.5676	0.6333	NONE	NONE	BAF_WEIGHTED	974	0.377	59542001	59544001	1	2
chr8	60593001	68694642	3.8276	2533	0.5556	0.5225	NONE	DEL	BAF_WEIGHTED	7632	0.3862	60593001	60593001	2	2
chr8	68694643	68694674	1.3823	0	0	1	DEL	DEL	STRUCTURAL_VARIANT	0	0	68694643	68694643	0	1
chr8	68694675	70152101	3.6327	679	0.5556	0.5505	DEL	DEL	BAF_WEIGHTED	1358	0.3938	68694675	68694675	2	2
chr8	70152102	70153105	2.6225	0	0	0.6845	DEL	DEL	STRUCTURAL_VARIANT	0	0	70152102	70152102	1	2
chr8	70153106	74367631	3.8247	1681	0.5567	0.5307	DEL	DUP	BAF_WEIGHTED	3926	0.3904	70153106	70153106	2	2
chr8	74367632	74371719	6.518	0	0	0.7246	DUP	DUP	BAF_WEIGHTED	3	0.3513	74367632	74367632	2	5
chr8	74371720	78020622	3.7092	1636	0.5556	0.54	DUP	DEL	BAF_WEIGHTED	3429	0.3529	74371720	74371720	2	2
chr8	78020623	78020682	1.8899	0	0	0.9183	DEL	DEL	STRUCTURAL_VARIANT	0	0	78020623	78020623	0	2
chr8	78020683	88028000	3.7523	3225	0.5601	0.5375	DEL	NONE	BAF_WEIGHTED	9253	0.3679	78020683	78020683	2	2
chr8	88028001	94889000	4.5558	2578	0.5604	0.6596	NONE	NONE	BAF_WEIGHTED	6411	0.375	88028001	88028001	2	3
chr8	94889001	95092000	2.4291	108	0.5625	0.5883	NONE	NONE	BAF_WEIGHTED	197	0.4284	94889001	94889001	1	1
chr8	95092001	115859705	4.5957	8288	0.5588	0.6551	NONE	DUP	BAF_WEIGHTED	19605	0.3776	95092001	95092001	2	3
chr8	115859706	115866609	8.0539	6	0.6082	0.7228	DUP	DUP	BAF_WEIGHTED	6	0.3695	115859706	115859706	2	6
chr8	115866610	125491662	4.8351	3704	0.5588	0.6205	DUP	DUP	BAF_WEIGHTED	9214	0.399	115866610	115866610	2	3
chr8	125491663	125492737	7.1847	0	0	0.7446	DUP	DUP	STRUCTURAL_VARIANT	0	0	125491663	125491663	2	5
chr8	125492738	127741181	4.7763	1037	0.5633	0.6288	DUP	DUP	BAF_WEIGHTED	2124	0.4039	125492738	125492738	2	3
chr8	127741182	128565165	7.3165	393	0.6061	0.7296	DUP	DUP	BAF_WEIGHTED	799	0.4293	127741182	127741182	2	5
chr8	128565166	144126000	4.5885	8120	0.5591	0.6219	DUP	NONE	BAF_WEIGHTED	13859	0.4381	128565166	128565166	2	3
chr8	144126001	145138636	3.7917	407	0.5588	0.5275	NONE	TELOMERE	BAF_WEIGHTED	633	0.5329	144125001	144126001	2	2
chr9	1	17343025	3.996	10954	0.5581	0.5463	TELOMERE	DUP	BAF_WEIGHTED	16116	0.3833	1	1	2	2
chr9	17343026	18453276	6.2389	479	0.5868	0.7048	DUP	DUP	BAF_WEIGHTED	1046	0.3812	17343026	17343026	2	4
chr9	18453277	33142000	3.6827	7422	0.5576	0.5474	DUP	NONE	BAF_WEIGHTED	13647	0.3711	18453277	18453277	2	2
chr9	33142001	33814000	5.5919	245	0.5645	0.5326	NONE	NONE	BAF_WEIGHTED	398	0.4522	33142001	33142001	3	3
chr9	33814001	37332907	3.9363	921	0.56	0.5081	NONE	DUP	BAF_WEIGHTED	3282	0.445	33814001	33814001	2	2
chr9	37332908	37337001	5.4029	1	0.619	0.8068	DUP	DUP	BAF_WEIGHTED	4	0.328	37332908	37332908	1	4
chr9	37337002	44377362	3.8837	701	0.5581	0.515	DUP	CENTROMERE	BAF_WEIGHTED	1255	0.4529	37337002	37337002	2	2
chr9	44377363	63763073	3.0178	53	0.625	0.9782	CENTROMERE	DUP	BAF_WEIGHTED	2	0.5775	44377363	44377363	0	3
chr9	63763074	63766388	4.2503	0	0	0.6324	DUP	DUP	STRUCTURAL_VARIANT	0	0	63763074	63763074	2	3
chr9	63766389	69751377	3.5662	472	0.5593	0.5618	DUP	SGL	BAF_WEIGHTED	1257	0.4132	63766389	63766389	2	2
chr9	69751378	88532515	3.4685	7888	0.5587	0.5765	SGL	DEL	BAF_WEIGHTED	17516	0.3947	69751378	69751378	1	2
chr9	88532516	88533078	1.802	0	0	0.8151	DEL	DEL	STRUCTURAL_VARIANT	0	0	88532516	88532516	0	1
chr9	88533079	106355355	3.3938	7732	0.5583	0.5915	DEL	DUP	BAF_WEIGHTED	16193	0.4148	88533079	88533079	1	2
chr9	106355356	106358715	5.8009	0	0	0.761	DUP	DUP	BAF_WEIGHTED	2	0.341	106355356	106355356	1	4
chr9	106358716	122300000	3.3579	6273	0.5579	0.5938	DUP	NONE	BAF_WEIGHTED	15228	0.416	106358716	106358716	1	2
chr9	122300001	123461351	4.5442	457	0.5581	0.6606	NONE	INV	BAF_WEIGHTED	1070	0.421	122300001	122300001	2	3
chr9	123461352	123474993	6.1553	4	0.5636	0.6499	INV	INV	BAF_WEIGHTED	12	0.4846	123461352	123461352	2	4
chr9	123474994	123492810	8.5415	7	0.6316	0.763	INV	DEL	BAF_WEIGHTED	17	0.4897	123474994	123474994	2	7
chr9	123492811	123493669	4.0624	0	0	0.5351	DEL	DEL	STRUCTURAL_VARIANT	0	0	123492811	123492811	2	2
chr9	123493670	123790000	6.3961	90	0.5877	0.7047	DEL	NONE	BAF_WEIGHTED	294	0.4138	123493670	123493670	2	5
chr9	123790001	125019000	4.5575	536	0.5579	0.6599	NONE	NONE	BAF_WEIGHTED	1148	0.4593	123790001	123790001	2	3
chr9	125019001	125436233	5.9634	254	0.5906	0.72	NONE	DEL	BAF_WEIGHTED	407	0.4424	125019001	125019001	2	4
chr9	125436234	125446117	4.4813	3	0.5306	0.6694	DEL	DEL	BAF_WEIGHTED	8	0.5078	125436234	125436234	1	3
chr9	125446118	126567501	6.2336	578	0.5873	0.7067	DEL	DEL	BAF_WEIGHTED	1075	0.4378	125446118	125446118	2	4
chr9	126567502	126589193	1.516	26	0.6	1.1624	DEL	DEL	BAF_WEIGHTED	21	0.4878	126567502	126567502	0	2
chr9	126589194	126802531	6.0636	82	0.5866	0.7082	DEL	DUP	BAF_WEIGHTED	185	0.5057	126589194	126589194	2	4
chr9	126802532	126809456	6.3196	0	0	0.7241	DUP	DUP	BAF_WEIGHTED	5	0.4407	126802532	126802532	2	5
chr9	126809457	128221000	6.1791	598	0.5918	0.7178	DUP	NONE	BAF_WEIGHTED	1286	0.4934	126809457	126809457	2	4
chr9	128221001	129645567	1.7252	683	0.5926	1.0503	NONE	DEL	BAF_WEIGHTED	1271	0.5196	128221001	128221001	0	2
chr9	129645568	129645612	0.8315	0	0	1	DEL	DEL	STRUCTURAL_VARIANT	0	0	129645568	129645568	0	1
chr9	129645613	138394717	1.773	3486	0.5878	1.0096	DEL	TELOMERE	BAF_WEIGHTED	6530	0.5266	129645613	129645613	0	2
chr10	1	2862000	4.4362	1345	0.6693	1.0056	TELOMERE	NONE	BAF_WEIGHTED	2571	0.4359	1	1	0	4
chr10	2862001	23440055	5.0874	10578	0.6814	0.9864	NONE	DEL	BAF_WEIGHTED	19523	0.4103	2862001	2862001	0	5
chr10	23440056	23440109	1.7131	0	0	0.9597	DEL	DEL	STRUCTURAL_VARIANT	0	0	23440056	23440056	0	2
chr10	23440110	28424667	5.0411	2599	0.685	0.9954	DEL	BND	BAF_WEIGHTED	4630	0.3969	23440110	23440110	0	5
chr10	28424668	28430582	5.93	0	0	0.9961	BND	BND	BAF_WEIGHTED	5	0.4028	28424668	28424668	0	6
chr10	28430583	28923000	4.0965	166	0.6596	0.9918	BND	NONE	BAF_WEIGHTED	475	0.4218	28430583	28430583	0	4
chr10	28923001	33374000	2.3082	2595	0.6041	0.9871	NONE	NONE	BAF_WEIGHTED	4100	0.4126	28923001	28923001	0	2
chr10	33374001	35931000	4.1473	959	0.5577	0.6511	NONE	NONE	BAF_WEIGHTED	2468	0.4158	33374001	33374001	1	3
chr10	35931001	40640101	3.6281	1486	0.5555	0.5489	NONE	CENTROMERE	BAF_WEIGHTED	2493	0.3873	35931001	35931001	2	2
chr10	40640102	67473249	2.8302	12230	0.5651	0.7113	CENTROMERE	DEL	BAF_WEIGHTED	21228	0.3861	40640102	40640102	1	2
chr10	67473250	67473286	1.6489	0	0	0.5044	DEL	DEL	STRUCTURAL_VARIANT	0	0	67473250	67473250	1	1
chr10	67473287	68055676	2.8009	0	0	0.7082	DEL	DEL	BAF_WEIGHTED	507	0.389	67473287	67473287	1	2
chr10	68055677	68055728	1.5141	0	0	0.5397	DEL	DEL	STRUCTURAL_VARIANT	0	0	68055677	68055677	1	1
chr10	68055729	80594315	3.017	4834	0.5669	0.6618	DEL	DUP	BAF_WEIGHTED	11507	0.449	68055729	68055729	1	2
chr10	80594316	80598959	5.1041	1	0.617	0.8124	DUP	DUP	BAF_WEIGHTED	3	0.456	80594316	80594316	1	4
chr10	80598960	105418000	2.8908	10463	0.5683	0.6978	DUP	NONE	BAF_WEIGHTED	22915	0.4156	80598960	80598960	1	2
chr10	105418001	127752276	2.028	9514	0.5647	0.5313	NONE	DUP	BAF_WEIGHTED	21297	0.4199	105418001	105418001	1	1
chr10	127752277	127757086	2.1393	0	0	0.5557	DUP	DUP	BAF_WEIGHTED	4	0.4085	127752277	127752277	1	1
chr10	127757087	133797422	2.0248	3005	0.5624	0.5437	DUP	TELOMERE	BAF_WEIGHTED	5025	0.4793	127757087	127757087	1	1
chr11	1	3843000	1.5433	2031	0.5664	0.6484	TELOMERE	NONE	BAF_WEIGHTED	2074	0.5409	1	1	1	1
chr11	3843001	9606500	2.193	3131	0.5713	0.8456	NONE	NONE	BAF_WEIGHTED	5170	0.4136	3843001	3843001	0	2
chr11	9606501	24281500	3.1026	6975	0.5614	0.6493	NONE	NONE	BAF_WEIGHTED	13773	0.406	9606001	9607001	1	2
chr11	24281501	24587000	5.33	317	0.5897	0.7332	NONE	NONE	BAF_WEIGHTED	283	0.3473	24279001	24284001	1	4
chr11	24587001	31812118	4.2378	2039	0.5599	0.6425	NONE	DUP	BAF_WEIGHTED	6719	0.3675	24587001	24587001	2	3
chr11	31812119	31821237	6.9776	11	0.6471	0.8269	DUP	DUP	BAF_WEIGHTED	4	0.6006	31812119	31812119	1	6
chr11	31821238	32939895	4.5891	432	0.5576	0.6532	DUP	DUP	BAF_WEIGHTED	1057	0.4169	31821238	31821238	2	3
chr11	32939896	32943798	7.3415	0	0	0.7592	DUP	DUP	BAF_WEIGHTED	1	0.34	32939896	32939896	2	6
chr11	32943799	35681957	4.7682	1251	0.5588	0.6292	DUP	DEL	BAF_WEIGHTED	2624	0.4204	32943799	32943799	2	3
chr11	35681958	35681971	1.6573	0	0	1	DEL	DEL	STRUCTURAL_VARIANT	0	0	35681958	35681958	0	2
chr11	35681972	35682205	5.9313	0	0	0.6729	DEL	DEL	STRUCTURAL_VARIANT	0	0	35681972	35681972	2	4
chr11	35682206	35688274	2.906	0	0	0.6676	DEL	DEL	BAF_WEIGHTED	5	0.3932	35682206	35682206	1	2
chr11	35688275	52751710	4.3287	6544	0.5598	0.5518	DEL	CENTROMERE	BAF_WEIGHTED	12776	0.404	35688275	35688275	2	2
chr11	52751711	55184000	3.1521	724	0.5594	0.6392	CENTROMERE	NONE	BAF_WEIGHTED	340	0.3701	52751711	52751711	1	2
chr11	55184001	61379013	3.8207	2025	0.5589	0.5421	NONE	DUP	BAF_WEIGHTED	5301	0.4059	55184001	55186001	2	2
chr11	61379014	61384087	6.2485	0	0	0.7451	DUP	DUP	BAF_WEIGHTED	4	0.4698	61379014	61379014	2	5
chr11	61384088	73956000	3.6082	3780	0.5566	0.5585	DUP	NONE	BAF_WEIGHTED	10374	0.4947	61384088	61384088	2	2
chr11	73956001	80803590	4.3875	2916	0.5616	0.6298	NONE	DEL	BAF_WEIGHTED	6410	0.4298	73956001	73956001	2	3
chr11	80803591	80803637	3.0601	0	0	0.5308	DEL	DEL	STRUCTURAL_VARIANT	0	0	80803591	80803591	1	2
chr11	80803638	86777806	4.3665	1969	0.5638	0.6502	DEL	DUP	BAF_WEIGHTED	5629	0.3763	80803638	80803638	2	3
chr11	86777807	87041474	6.2466	116	0.5565	0.6398	DUP	DUP	BAF_WEIGHTED	236	0.4186	86777807	86777807	2	4
chr11	87041475	95815391	4.1954	4426	0.5621	0.5832	DUP	BND	BAF_WEIGHTED	7111	0.381	87041475	87041475	2	2
chr11	95815392	95817336	6.3065	0	0	0.612	BND	BND	BAF_WEIGHTED	1	0.401	95815392	95815392	2	4
chr11	95817337	99359825	5.3742	1698	0.5526	0.5582	BND	DEL	BAF_WEIGHTED	3339	0.3601	95817337	95817337	2	3
chr11	99359826	99359876	3.7033	0	0	0.8101	DEL	DEL	STRUCTURAL_VARIANT	0	0	99359826	99359826	1	3
chr11	99359877	99656000	5.431	179	0.55	0.5524	DEL	NONE	BAF_WEIGHTED	280	0.3484	99359877	99359877	2	3
chr11	99656001	107726259	4.5371	3513	0.5597	0.6607	NONE	DUP	BAF_WEIGHTED	7622	0.3706	99656001	99656001	2	3
chr11	107726260	107729023	7.639	0	0	0.6076	DUP	DUP	NON_DIPLOID	2	0.393	107726260	107726260	3	5
chr11	107729024	117690000	4.6511	3192	0.561	0.645	DUP	NONE	BAF_WEIGHTED	9466	0.4205	107729024	107729024	2	3
chr11	117690001	135086622	3.265	7107	0.6345	0.9822	NONE	TELOMERE	BAF_WEIGHTED	16404	0.4361	117690001	117690001	0	3
chr12	1	11817251	4.146	5124	0.5573	0.5797	TELOMERE	DUP	BAF_WEIGHTED	10216	0.4351	1	1	2	2
chr12	11817252	12027011	6.6601	109	0.5759	0.6733	DUP	DUP	BAF_WEIGHTED	192	0.4357	11817252	11817252	2	4
chr12	12027012	16222000	4.0702	1694	0.5588	0.5086	DUP	NONE	BAF_WEIGHTED	4038	0.4005	12027012	12027012	2	2
chr12	16222001	17375241	2.9837	451	0.5652	0.6703	NONE	DUP	BAF_WEIGHTED	1097	0.3583	16222001	16222001	1	2
chr12	17375242	17376288	5.4825	0	0	0.6352	DUP	DUP	STRUCTURAL_VARIANT	0	0	17375242	17375242	2	3
chr12	17376289	18258000	2.9497	623	0.5625	0.678	DUP	NONE	BAF_WEIGHTED	784	0.3495	17376289	17376289	1	2
chr12	18258001	35977329	3.9042	7299	0.5577	0.5121	NONE	CENTROMERE	BAF_WEIGHTED	15060	0.385	18258001	18258001	2	2
chr12	35977330	38077000	2.2571	682	0.6255	1.1008	CENTROMERE	NONE	BAF_WEIGHTED	539	0.3712	35977330	35977330	0	2
chr12	38077001	44551831	2.9001	2793	0.625	0.9925	NONE	INV	BAF_WEIGHTED	5901	0.3723	38077001	38077001	0	3
chr12	44551832	44572890	4.4658	0	0	1.0032	INV	INV	BAF_WEIGHTED	18	0.3715	44551832	44551832	0	4
chr12	44572891	44575000	4.7443	0	0	1.003	INV	NONE	BAF_WEIGHTED	2	0.3495	44572891	44572891	0	5
chr12	44575001	90182000	2.09	16835	0.5995	1.0068	NONE	NONE	BAF_WEIGHTED	42369	0.3902	44575001	44575001	0	2
chr12	90182001	107256390	2.9471	7086	0.6204	0.9688	NONE	INV	BAF_WEIGHTED	16228	0.398	90182001	90182001	0	3
chr12	107256391	107260047	4.3272	2	0.695	1.0792	INV	INV	BAF_WEIGHTED	3	0.4107	107256391	107256391	0	4
chr12	107260048	107955571	2.0158	440	0.5949	0.9968	INV	BND	BAF_WEIGHTED	665	0.4428	107260048	107260048	0	2
chr12	107955572	112169319	3.0925	966	0.6304	0.9899	BND	DUP	BAF_WEIGHTED	4072	0.461	107955572	107955572	0	3
chr12	112169320	112271221	5.1644	40	0.7192	1.0812	DUP	DUP	BAF_WEIGHTED	98	0.4421	112169320	112169320	0	5
chr12	112271222	116467000	2.9837	1695	0.6279	0.9934	DUP	NONE	BAF_WEIGHTED	4078	0.4464	112271222	112271222	0	3
chr12	116467001	117369000	3.9794	402	0.6579	0.9962	NONE	NONE	BAF_WEIGHTED	883	0.4665	116467001	116467001	0	4
chr12	117369001	125172000	3.0429	3121	0.6341	1.0099	NONE	NONE	BAF_WEIGHTED	7334	0.4674	117369001	117369001	0	3
chr12	125172001	131577000	2.6216	4092	0.6226	1.0213	NONE	NONE	BAF_WEIGHTED	5998	0.4378	125172001	125172001	0	3
chr12	131577001	133275309	3.1152	1175	0.6279	0.978	NONE	TELOMERE	BAF_WEIGHTED	1209	0.5151	131576001	131578001	0	3
chr13	1	17025623	5.2479	0	0	0.5743	TELOMERE	CENTROMERE	LONG_ARM	0	0	1	1	2	3
chr13	17025624	20466832	5.2479	793	0.563	0.5743	CENTROMERE	DUP	BAF_WEIGHTED	1188	0.4289	17025624	17025624	2	3
chr13	20466833	20486601	7.9475	0	0	0.7189	DUP	DUP	BAF_WEIGHTED	19	0.4591	20466833	20466833	2	6
chr13	20486602	21723000	4.8567	241	0.551	0.6177	DUP	NONE	BAF_WEIGHTED	1148	0.4187	20486602	20486602	2	3
chr13	21723001	28531471	2.0969	4509	0.5806	0.9083	NONE	DEL	BAF_WEIGHTED	6257	0.416	21723001	21723001	0	2
chr13	28531472	28531512	0.6908	0	0	1	DEL	DEL	STRUCTURAL_VARIANT	0	0	28531472	28531472	0	1
chr13	28531513	43931000	2.12	6899	0.5783	0.8938	DEL	NONE	BAF_WEIGHTED	14578	0.3937	28531513	28531513	0	2
chr13	43931001	46253270	4.1903	725	0.6364	0.9139	NONE	INV	BAF_WEIGHTED	2230	0.4155	43931001	43931001	0	4
chr13	46253271	46261065	6.3865	6	0.6473	0.844	INV	INV	BAF_WEIGHTED	7	0.373	46253271	46253271	1	5
chr13	46261066	46527000	4.126	59	0.6196	0.8651	INV	NONE	BAF_WEIGHTED	196	0.4134	46261066	46261066	1	4
chr13	46527001	72826280	2.4348	10853	0.595	0.9275	NONE	DUP	BAF_WEIGHTED	24643	0.3615	46527001	46527001	0	2
chr13	72826281	73726806	5.0861	346	0.6444	0.8865	DUP	DUP	BAF_WEIGHTED	870	0.3906	72826281	72826281	1	5
chr13	73726807	75295650	2.7327	665	0.5952	0.8922	DUP	INV	BAF_WEIGHTED	1496	0.3755	73726807	73726807	0	2
chr13	75295651	75303795	4.5961	0	0	0.9518	INV	DUP	BAF_WEIGHTED	7	0.3814	75295651	75295651	0	4
chr13	75303796	97175115	2.6919	9597	0.6	0.9177	DUP	DEL	BAF_WEIGHTED	20829	0.362	75303796	75303796	0	2
chr13	97175116	97175163	1.3272	0	0	0.8331	DEL	DEL	STRUCTURAL_VARIANT	0	0	97175116	97175116	0	1
chr13	97175164	103516090	2.5996	3155	0.6	0.9297	DEL	INV	BAF_WEIGHTED	6062	0.4068	97175164	97175164	0	2
chr13	103516091	103518295	4.8447	0	0	0.9623	INV	DUP	BAF_WEIGHTED	1	0.369	103516091	103516091	0	5
chr13	103518296	103926752	2.5642	297	0.6047	0.9528	DUP	INV	BAF_WEIGHTED	397	0.3571	103518296	103518296	0	2
chr13	103926753	103926788	0.0524	0	0	1	INV	INV	STRUCTURAL_VARIANT	0	0	103926753	103926753	0	0
chr13	103926789	114364328	2.7477	5093	0.6051	0.9307	INV	TELOMERE	BAF_WEIGHTED	9390	0.4174	103926789	103926789	0	3
chr14	1	17086761	2.9634	0	0	0.9944	TELOMERE	CENTROMERE	LONG_ARM	0	0	1	1	0	3
chr14	17086762	31773763	2.9634	4628	0.6266	0.9944	CENTROMERE	BND	BAF_WEIGHTED	10194	0.3935	17086762	17086762	0	3
chr14	31773764	31773843	7.0819	0	0	0.9997	BND	BND	STRUCTURAL_VARIANT	0	0	31773764	31773764	0	7
chr14	31773844	46180896	2.9566	5136	0.6292	0.9994	BND	DUP	BAF_WEIGHTED	13378	0.3732	31773844	31773844	0	3
chr14	46180897	46187089	6.6405	8	0.7056	0.9697	DUP	DUP	BAF_WEIGHTED	4	0.3472	46180897	46180897	0	6
chr14	46187090	50092560	3.0251	1528	0.6307	1.0053	DUP	DUP	BAF_WEIGHTED	3638	0.3657	46187090	46187090	0	3
chr14	50092561	50093473	5.7062	0	0	1.0028	DUP	DEL	STRUCTURAL_VARIANT	0	0	50092561	50092561	0	6
chr14	50093474	50109755	4.767	14	0.6504	0.9194	DEL	DEL	BAF_WEIGHTED	15	0.4217	50093474	50093474	0	4
chr14	50109756	50109864	5.7566	0	0	1.0015	DEL	DUP	STRUCTURAL_VARIANT	0	0	50109756	50109756	0	6
chr14	50109865	50264534	3.1009	153	0.6341	1.0028	DUP	DEL	BAF_WEIGHTED	151	0.3915	50109865	50109865	0	3
chr14	50264535	50643607	0.2622	190	0.5714	1	DEL	DEL	BAF_WEIGHTED	370	0.3898	50264535	50264535	0	0
chr14	50643608	58467120	3.0303	3740	0.625	0.9767	DEL	DEL	BAF_WEIGHTED	7351	0.4008	50643608	50643608	0	3
chr14	58467121	58482058	0.2598	0	0	1	DEL	DEL	BAF_WEIGHTED	14	0.3691	58467121	58467121	0	0
chr14	58482059	68327378	2.9981	3999	0.625	0.9805	DEL	BND	BAF_WEIGHTED	9310	0.4004	58482059	58482059	0	3
chr14	68327379	68381000	0.7158	0	0	1	BND	NONE	BAF_WEIGHTED	52	0.4132	68327379	68327379	0	1
chr14	68381001	90037370	2.0657	7102	0.6013	1.0224	NONE	DUP	BAF_WEIGHTED	20715	0.4085	68381001	68381001	0	2
chr14	90037371	90042211	4.8274	0	0	1.0096	DUP	DUP	BAF_WEIGHTED	4	0.4133	90037371	90037371	0	5
chr14	90042212	98591171	2.1064	3845	0.6	1.0048	DUP	DUP	BAF_WEIGHTED	8243	0.4439	90042212	90042212	0	2
chr14	98591172	98593767	3.7558	0	0	1.0027	DUP	DUP	BAF_WEIGHTED	1	0.502	98591172	98591172	0	4
chr14	98593768	103195304	2.1529	1444	0.5961	0.9728	DUP	BND	BAF_WEIGHTED	4200	0.4779	98593768	98593768	0	2
chr14	103195305	103198854	3.6955	0	0	1.0221	BND	BND	BAF_WEIGHTED	2	0.511	103195305	103195305	0	4
chr14	103198855	105679000	2.0515	1488	0.6047	1.0399	BND	NONE	BAF_WEIGHTED	1641	0.5277	103198855	103198855	0	2
chr14	105679001	106113000	0.7726	326	0.625	1	NONE	NONE	BAF_WEIGHTED	153	0.4748	105675001	105683001	0	1
chr14	106113001	107043718	1.7048	289	0.5882	1.0293	NONE	TELOMERE	BAF_WEIGHTED	328	0.4072	106075001	106115001	0	2
chr15	1	18362626	9.3135	0	0	0.8673	TELOMERE	CENTROMERE	LONG_ARM	0	0	1	1	1	8
chr15	18362627	24016507	9.3135	675	0.6932	0.8673	CENTROMERE	BND	BAF_WEIGHTED	881	0.424	18362627	18362627	1	8
chr15	24016508	24081000	2.6769	8	0.5556	0.7047	BND	NONE	BAF_WEIGHTED	54	0.3835	24016508	24016508	1	2
chr15	24081001	30363500	0.9712	2795	0.5736	0.9224	NONE	NONE	BAF_WEIGHTED	4688	0.4239	24081001	24081001	0	1
chr15	30363501	32142500	1.9941	517	0.5946	0.9991	NONE	NONE	BAF_WEIGHTED	1161	0.4403	30078001	30649001	0	2
chr15	32142501	60160000	1.1402	11752	0.5758	1.1427	NONE	NONE	BAF_WEIGHTED	25519	0.4025	32140001	32145001	0	1
chr15	60160001	64461038	2.0851	1705	0.5921	0.9705	NONE	BND	BAF_WEIGHTED	4150	0.4184	60160001	60160001	0	2
chr15	64461039	69021019	2.1566	1884	0.6	0.9954	BND	DUP	BAF_WEIGHTED	4385	0.4484	64461039	64461039	0	2
chr15	69021020	69027420	4.4503	1	0.7222	1.1479	DUP	DUP	BAF_WEIGHTED	5	0.4114	69021020	69021020	0	4
chr15	69027421	69744000	2.1351	247	0.5957	0.9779	DUP	NONE	BAF_WEIGHTED	697	0.4461	69027421	69027421	0	2
chr15	69744001	70288665	3.891	213	0.6397	0.9454	NONE	DEL	BAF_WEIGHTED	529	0.4803	69744001	69744001	0	4
chr15	70288666	70288771	0	0	0	1	DEL	DEL	STRUCTURAL_VARIANT	0	0	70288666	70288666	0	0
chr15	70288772	71653000	3.6345	617	0.65	1.0019	DEL	NONE	BAF_WEIGHTED	1288	0.4259	70288772	70288772	0	4
chr15	71653001	72089115	7.2471	147	0.7027	0.9412	NONE	DUP	BAF_WEIGHTED	412	0.3989	71653001	71653001	0	7
chr15	72089116	72099507	8.6168	4	0.8012	1.0992	DUP	DUP	BAF_WEIGHTED	9	0.3912	72089116	72089116	0	9
chr15	72099508	72173000	7.3875	20	0.75	1.0385	DUP	NONE	BAF_WEIGHTED	68	0.436	72099508	72099508	0	7
chr15	72173001	72985400	3.7642	251	0.6579	1.0156	NONE	DEL	BAF_WEIGHTED	723	0.4284	72173001	72173001	0	4
chr15	72985401	72985436	2.2886	0	0	0.9716	DEL	DEL	STRUCTURAL_VARIANT	0	0	72985401	72985401	0	2
chr15	72985437	98625213	3.8425	11879	0.6505	0.9831	DEL	DEL	BAF_WEIGHTED	23008	0.4296	72985437	72985437	0	4
chr15	98625214	98740433	3.8395	31	0.6531	0.9931	DEL	DEL	BAF_WEIGHTED	110	0.4505	98625214	98625214	0	4
chr15	98740434	99017000	4.8298	185	0.6727	0.9776	DEL	NONE	BAF_WEIGHTED	264	0.4437	98740434	98740434	0	5
chr15	99017001	100916183	3.0865	1391	0.6221	0.9597	NONE	DUP	BAF_WEIGHTED	1734	0.4326	99017001	99017001	0	3
chr15	100916184	101305485	6.0316	338	0.7027	0.9892	DUP	DUP	BAF_WEIGHTED	367	0.4678	100916184	100916184	0	6
chr15	101305486	101991189	3.2524	260	0.6228	0.9454	DUP	TELOMERE	BAF_WEIGHTED	478	0.4489	101305486	101305486	0	3
chr16	1	5167000	3.1116	2342	0.5714	0.767	TELOMERE	NONE	BAF_WEIGHTED	3482	0.5391	1	1	1	2
chr16	5167001	8830000	2.6335	3368	0.5667	0.7594	NONE	NONE	BAF_WEIGHTED	3534	0.4249	5167001	5167001	1	2
chr16	8830001	8925708	3.9662	40	0.5676	0.5043	NONE	DUP	BAF_WEIGHTED	74	0.505	8830001	8830001	2	2
chr16	8925709	18785000	4.7542	4806	0.6	0.7797	DUP	NONE	BAF_WEIGHTED	7573	0.4479	8925709	8925709	1	4
chr16	18785001	19191000	5.7865	188	0.5652	0.5184	NONE	NONE	BAF_WEIGHTED	307	0.4501	18785001	18785001	3	3
chr16	19191001	20436000	4.7377	496	0.5906	0.7555	NONE	NONE	BAF_WEIGHTED	1190	0.4434	19191001	19191001	1	4
chr16	20436001	22800416	5.7436	394	0.5622	0.5595	NONE	BND	BAF_WEIGHTED	1418	0.4333	20436001	20436001	3	3
chr16	22800417	22805811	8.927	5	0.6866	0.8648	BND	BND	BAF_WEIGHTED	4	0.391	22800417	22800417	1	8
chr16	22805812	26923836	5.4121	1471	0.5634	0.5638	BND	DEL	BAF_WEIGHTED	4006	0.4327	22805812	22805812	2	3
chr16	26923837	26923878	3.7378	0	0	0.6316	DEL	DEL	STRUCTURAL_VARIANT	0	0	26923837	26923837	1	2
chr16	26923879	28002049	5.5774	347	0.5625	0.5379	DEL	DUP	BAF_WEIGHTED	1051	0.4752	26923879	26923879	3	3
chr16	28002050	34072000	4.0679	667	0.5582	0.5143	DUP	NONE	BAF_WEIGHTED	2476	0.4928	28002050	28002050	2	2
chr16	34072001	35679000	2.5821	19	0.5556	0.7753	NONE	NONE	BAF_WEIGHTED	532	0.4126	34055001	34074001	1	2
chr16	35679001	37295919	3.5068	18	0.5286	0.5702	NONE	CENTROMERE	BAF_WEIGHTED	336	0.3912	35679001	35679001	2	2
chr16	37295920	55122668	2.8109	2903	0.5715	0.7911	CENTROMERE	DUP	BAF_WEIGHTED	8203	0.4273	37295920	37295920	1	2
chr16	55122669	55123612	7.693	0	0	0.9237	DUP	DUP	STRUCTURAL_VARIANT	0	0	55122669	55122669	1	7
chr16	55123613	58640000	3.0095	1750	0.5706	0.7541	DUP	NONE	BAF_WEIGHTED	3245	0.46	55123613	55123613	1	2
chr16	58640001	66046000	2.5312	3542	0.5714	0.812	NONE	NONE	BAF_WEIGHTED	7021	0.3746	58640001	58640001	0	2
chr16	66046001	66879000	3.0507	311	0.5556	0.6556	NONE	NONE	BAF_WEIGHTED	800	0.4637	66046001	66046001	1	2
chr16	66879001	67572947	2.9873	8	0.6248	0.9808	NONE	INV	BAF_WEIGHTED	601	0.5051	66879001	66879001	0	3
chr16	67572948	67577774	4.8883	0	0	0.7735	INV	INV	BAF_WEIGHTED	4	0.4477	67572948	67572948	1	4
chr16	67577775	73655917	5.6658	1348	0.6216	0.8046	INV	DEL	BAF_WEIGHTED	5146	0.4494	67577775	67577775	1	5
chr16	73655918	73706652	4.3009	46	0.6815	1.0412	DEL	DEL	BAF_WEIGHTED	50	0.3883	73655918	73655918	0	4
chr16	73706653	90338345	5.812	10917	0.6183	0.7915	DEL	TELOMERE	BAF_WEIGHTED	14595	0.4579	73706653	73706653	1	5
chr17	1	22158000	2.04	9619	0.5985	1.0098	TELOMERE	NONE	BAF_WEIGHTED	17721	0.4617	1	1	0	2
chr17	22158001	24849829	1.6415	322	0.5862	1.0339	NONE	CENTROMERE	BAF_WEIGHTED	278	0.4066	21600001	22159001	0	2
chr17	24849830	52606566	2.2227	8410	0.6027	0.9995	CENTROMERE	BND	BAF_WEIGHTED	21814	0.4584	24849830	24849830	0	2
chr17	52606567	64088000	3.8075	3602	0.6475	0.9832	BND	NONE	BAF_WEIGHTED	10489	0.4125	52606567	52606567	0	4
chr17	64088001	74920442	5.483	4492	0.6928	0.9929	NONE	DUP	BAF_WEIGHTED	10193	0.4324	64088001	64088001	0	5
chr17	74920443	75416838	7.0015	166	0.7257	1.0003	DUP	DUP	BAF_WEIGHTED	441	0.4975	74920443	74920443	0	7
chr17	75416839	76658399	5.4471	673	0.6863	0.9779	DUP	DUP	BAF_WEIGHTED	1025	0.5176	75416839	75416839	0	5
chr17	76658400	76667768	8.7101	4	0.7554	1.0054	DUP	DUP	BAF_WEIGHTED	8	0.452	76658400	76658400	0	9
chr17	76667769	80175000	5.4829	2307	0.6909	0.9878	DUP	NONE	BAF_WEIGHTED	3136	0.5143	76667769	76667769	0	5
chr17	80175001	83257441	7.3248	1916	0.7251	0.9869	NONE	TELOMERE	BAF_WEIGHTED	2135	0.5436	80175001	80175001	0	7
chr18	1	4116000	5.813	2290	0.5625	0.516	TELOMERE	NONE	BAF_WEIGHTED	3811	0.3967	1	1	3	3
chr18	4116001	18161052	3.7545	5922	0.5575	0.5328	NONE	CENTROMERE	BAF_WEIGHTED	9393	0.415	4116001	4116001	2	2
chr18	18161053	27233643	3.8448	1964	0.5581	0.5202	CENTROMERE	BND	BAF_WEIGHTED	6014	0.4082	18161053	18161053	2	2
chr18	27233644	41349757	3.6805	4418	0.5583	0.5475	BND	DEL	BAF_WEIGHTED	13475	0.3767	27233644	27233644	2	2
chr18	41349758	41349808	0.2467	0	0	1	DEL	DEL	STRUCTURAL_VARIANT	0	0	41349758	41349758	0	0
chr18	41349809	41652000	3.6363	107	0.5556	0.55	DEL	NONE	BAF_WEIGHTED	295	0.3732	41349809	41349809	2	2
chr18	41652001	50879325	2.1293	4108	0.5904	0.9517	NONE	DEL	BAF_WEIGHTED	8695	0.4149	41652001	41652001	0	2
chr18	50879326	50884000	1.2357	6	0.5858	1.1778	DEL	NONE	BAF_WEIGHTED	4	0.4098	50879326	50879326	0	1
chr18	50884001	50943002	0.0733	25	0.6047	1	NONE	DEL	BAF_WEIGHTED	59	0.3782	50884001	50884001	0	0
chr18	50943003	51280000	2.2937	124	0.5879	0.9152	DEL	NONE	BAF_WEIGHTED	314	0.417	50943003	50943003	0	2
chr18	51280001	51316000	2.1447	7	0.5517	0.5337	NONE	NONE	BAF_WEIGHTED	36	0.4082	51280001	51280001	1	1
chr18	51316001	80373285	1.2279	12579	0.5721	1.0547	NONE	TELOMERE	BAF_WEIGHTED	27440	0.3919	51316001	51316001	0	1
chr19	1	2352727	1.9325	1254	0.5943	1.0099	TELOMERE	BND	BAF_WEIGHTED	1175	0.5855	1	1	0	2
chr19	2352728	3592869	2.9455	657	0.566	0.679	BND	DEL	BAF_WEIGHTED	999	0.5399	2352728	2352728	1	2
chr19	3592870	3618715	1.6702	46	0.5722	0.9408	DEL	DEL	BAF_WEIGHTED	13	0.5879	3592870	3592870	0	2
chr19	3618716	16514000	2.9056	6710	0.5659	0.693	DEL	NONE	BAF_WEIGHTED	11191	0.5018	3618716	3618716	1	2
chr19	16514001	25844926	4.4555	2801	0.5608	0.6758	NONE	CENTROMERE	BAF_WEIGHTED	6548	0.46	16514001	16514001	1	3
chr19	25844927	58617616	3.3414	15297	0.5627	0.5946	CENTROMERE	TELOMERE	BAF_WEIGHTED	26757	0.4748	25844927	25844927	1	2
chr20	1	3038120	3.0697	1490	0.5646	0.6541	TELOMERE	DUP	BAF_WEIGHTED	2780	0.4539	1	1	1	2
chr20	3038121	3088639	4.9654	33	0.6222	0.832	DUP	DUP	BAF_WEIGHTED	39	0.5143	3038121	3038121	1	4
chr20	3088640	4404497	3.0793	465	0.5625	0.6495	DUP	DUP	BAF_WEIGHTED	1195	0.4649	3088640	3088640	1	2
chr20	4404498	4413197	4.559	9	0.5682	0.658	DUP	DUP	BAF_WEIGHTED	8	0.4514	4404498	4404498	2	3
chr20	4413198	21336723	2.9096	8673	0.5664	0.687	DUP	DUP	BAF_WEIGHTED	16198	0.4026	4413198	4413198	1	2
chr20	21336724	21350676	4.9726	9	0.5778	0.7112	DUP	DUP	BAF_WEIGHTED	13	0.3622	21336724	21336724	1	4
chr20	21350677	25666494	2.9461	1737	0.5652	0.6789	DUP	DUP	BAF_WEIGHTED	3858	0.4409	21350677	21350677	1	2
chr20	25666495	25670646	4.2638	2	0.5815	0.7445	DUP	DUP	BAF_WEIGHTED	3	0.409	25666495	25666495	1	3
chr20	25670647	28237289	3.0759	152	0.5543	0.6492	DUP	CENTROMERE	BAF_WEIGHTED	169	0.3967	25670647	25670647	1	2
chr20	28237290	53198004	4.0742	8477	0.5565	0.5142	CENTROMERE	BND	BAF_WEIGHTED	20993	0.4548	28237290	28237290	2	2
chr20	53198005	53201000	3.7612	0	0	0.557	BND	NONE	BAF_WEIGHTED	2	0.442	53198005	53198005	2	2
chr20	53201001	64444167	2.0837	5937	0.6	1.0092	NONE	TELOMERE	BAF_WEIGHTED	9749	0.4699	53201001	53201001	0	2
chr21	1	11890183	2.2511	0	0	0.9433	TELOMERE	CENTROMERE	LONG_ARM	0	0	1	1	0	2
chr21	11890184	15595223	2.2511	1368	0.5926	0.9433	CENTROMERE	DUP	BAF_WEIGHTED	1473	0.3741	11890184	11890184	0	2
chr21	15595224	15603323	4.2447	1	0.7273	1.1839	DUP	DUP	BAF_WEIGHTED	7	0.3649	15595224	15595224	0	4
chr21	15603324	36772959	2.0694	10439	0.5892	0.9598	DUP	BND	BAF_WEIGHTED	20085	0.3829	15603324	15603324	0	2
chr21	36772960	37498667	4.583	434	0.5585	0.6539	BND	DUP	BAF_WEIGHTED	695	0.4195	36772960	36772960	2	3
chr21	37498668	37507355	7.4724	0	0	0.6418	DUP	DUP	BAF_WEIGHTED	8	0.3646	37498668	37498668	3	5
chr21	37507356	41371959	4.2346	2044	0.5563	0.632	DUP	DUP	BAF_WEIGHTED	3729	0.4262	37507356	37507356	2	3
chr21	41371960	41376320	6.2228	5	0.5556	0.6428	DUP	DUP	BAF_WEIGHTED	4	0.514	41371960	41371960	2	4
chr21	41376321	46709983	4.1829	3222	0.5584	0.6763	DUP	TELOMERE	BAF_WEIGHTED	3937	0.504	41376321	41376321	1	3
chr22	1	14004552	-0.0665	1	0.7619	1	TELOMERE	CENTROMERE	BAF_WEIGHTED	1	0.339	1	1	0	0
chr22	14004553	24189219	2.0619	3733	0.6003	1.0166	CENTROMERE	DEL	BAF_WEIGHTED	4933	0.4898	14004553	14004553	0	2
chr22	24189220	24189509	0	0	0	1	DEL	DEL	STRUCTURAL_VARIANT	0	0	24189220	24189220	0	0
chr22	24189510	27511419	2.0084	1746	0.6	1.0245	DEL	DUP	BAF_WEIGHTED	2928	0.4612	24189510	24189510	0	2
chr22	27511420	27513285	3.1307	0	0	1.0054	DUP	DUP	BAF_WEIGHTED	1	0.505	27511420	27511420	0	3
chr22	27513286	43100631	2.0609	5896	0.599	1.0082	DUP	BND	BAF_WEIGHTED	14265	0.4703	27513286	27513286	0	2
chr22	43100632	50818468	1.9699	4899	0.5956	1.0109	BND	TELOMERE	BAF_WEIGHTED	6546	0.5059	43100632	43100632	0	2
chrX	1	7165000	3.5436	3926	0.5843	0.7869	TELOMERE	NONE	BAF_WEIGHTED	5893	0.4215	1	1	1	3
chrX	7165001	7444000	2.6467	33	0.6389	1.0864	NONE	NONE	BAF_WEIGHTED	277	0.4047	7165001	7165001	0	3
chrX	7444001	31127427	3.7198	6028	0.5786	0.7588	NONE	DUP	BAF_WEIGHTED	22131	0.3945	7444001	7444001	1	3
chrX	31127428	31130758	6.2911	0	0	0.5513	DUP	DUP	NON_DIPLOID	2	0.3785	31127428	31127428	3	3
chrX	31130759	32819000	3.5491	613	0.5833	0.7834	DUP	NONE	BAF_WEIGHTED	1618	0.3633	31130759	31130759	1	3
chrX	32819001	36966829	5.2351	1118	0.5561	0.5782	NONE	DEL	BAF_WEIGHTED	3971	0.3624	32819001	32819001	2	3
chrX	36966830	36967774	3.0398	0	0	0.9888	DEL	DEL	STRUCTURAL_VARIANT	0	0	36966830	36966830	0	3
chrX	36967775	45068535	5.6179	2073	0.5501	0.535	DEL	DEL	BAF_WEIGHTED	7395	0.4113	36967775	36967775	3	3
chrX	45068536	45068574	3.2957	0	0	0.7926	DEL	DEL	STRUCTURAL_VARIANT	0	0	45068536	45068536	1	3
chrX	45068575	48333781	5.5881	568	0.5556	0.5369	DEL	DEL	BAF_WEIGHTED	2882	0.4145	45068575	45068575	3	3
chrX	48333782	48343161	2.4697	0	0	1	DEL	DEL	STRUCTURAL_VARIANT	0	0	48333782	48333782	0	2
chrX	48343162	50926105	5.4531	193	0.5556	0.5501	DEL	DUP	BAF_WEIGHTED	1978	0.4414	48343162	48343162	2	3
chrX	50926106	50934134	8.765	3	0.5932	0.6839	DUP	DUP	BAF_WEIGHTED	7	0.3844	50926106	50926106	3	6
chrX	50934135	58324000	5.4991	1397	0.5534	0.5462	DUP	NONE	BAF_WEIGHTED	5674	0.4057	50934135	50934135	2	3
chrX	58324001	60509060	4.034	24	0.5575	0.5278	NONE	CENTROMERE	BAF_WEIGHTED	160	0.3666	58324001	58324001	2	2
chrX	60509061	73837156	2.8977	990	0.5625	0.6902	CENTROMERE	DEL	BAF_WEIGHTED	9324	0.4054	60509061	60509061	1	2
chrX	73837157	73839203	-0.2757	0	0	1	DEL	DEL	BAF_WEIGHTED	1	0.351	73837157	73837157	0	0
chrX	73839204	100649000	2.8907	8352	0.5658	0.7019	DEL	NONE	BAF_WEIGHTED	21192	0.3677	73839204	73839204	1	2
chrX	100649001	101082000	4.0547	22	0.5792	0.7456	NONE	NONE	BAF_WEIGHTED	407	0.4173	100649001	100649001	1	3
chrX	101082001	120036000	3.1585	3464	0.5678	0.6397	NONE	NONE	BAF_WEIGHTED	16621	0.3901	101082001	101082001	1	2
chrX	120036001	148181000	4.4489	6314	0.5597	0.6764	NONE	NONE	BAF_WEIGHTED	25103	0.3852	120036001	120036001	1	3
chrX	148181001	156040895	3.851	1671	0.5683	0.5193	NONE	TELOMERE	BAF_WEIGHTED	6151	0.4296	148181001	148181001	2	2
